"Keyword Phrase","ABA Total Click Share","ABA Total Conv. Share","Keyword Sales","Cerebro IQ Score","Search Volume","Search Volume Trend","H10 PPC Sugg. Bid","H10 PPC Sugg. Min Bid","H10 PPC Sugg. Max Bid","Sponsored ASINs","Competing Products","CPR","Title Density","Organic","Sponsored Product","Amazon Recommended","Amazon Choice","Highly Rated","Sponsored Brand Header","Sponsored Brand Video","Top Rated From Our Brand","Trending Now","Amazon Rec. Rank","Sponsored Rank","Organic Rank"
"baby spoon tether",,,"-",680,102,-26,,,,19,150,8,0,1,0,0,0,0,0,0,0,0,"-","-",5
"baby spoon strap",,,"-",789,105,-16,0.58,0.42,0.77,19,133,8,0,1,0,1,0,0,0,0,0,0,206,"-",6
"spoons in a case",,,"-",40,120,267,,,,29,3000,8,1,1,0,0,0,0,0,0,0,0,"-","-",9
"baby spoon attachment to high chair",,,"-",200,35,-54,,,,12,175,8,0,1,0,0,0,0,0,0,0,0,"-","-",10
"baby toon spoon shark tank",,,"-",8357,117,53,0.79,0.65,1.28,8,14,8,0,1,0,0,0,0,0,0,0,0,"-","-",11
"silicone baby spoon feeder",,,"-","-",0,"-",,,,60,3000,8,0,1,1,1,0,0,0,0,0,0,138,5,12
"travel baby spoon",,,"-",137,137,2,1.24,0.89,1.26,22,1000,8,0,1,0,1,0,0,0,0,0,0,67,"-",13
"on the go baby spoon for soft food",,,"-",305,123,24,,,,32,403,8,0,1,1,0,0,0,0,0,0,0,"-",2,13
"cucharas para bebes de siliconas",,,"-","-",0,"-",,,,43,1,8,0,1,0,0,0,0,0,0,0,0,"-","-",14
"on the go baby feeding spoon",,,"-",48,48,-11,1.08,0.87,1.37,33,1000,8,0,1,1,0,0,0,0,0,0,0,"-",20,14
"maroon spoon feeding therapy",,,"-",2750,132,4,,,,9,48,8,0,1,0,1,0,0,0,0,0,0,228,"-",14
"num num baby spoon set",64.3,44.5,18,1338,198,13,1.18,0.87,1.25,10,148,8,0,1,0,0,0,0,0,0,0,0,"-","-",14
"baby spoon on the go",,,"-",37,30,-48,0.98,0.84,1.27,47,818,8,0,1,0,0,0,0,0,0,0,0,"-","-",16
"on the go baby spoon",,,"-",153,134,11,1.22,0.94,1.33,38,878,8,0,1,0,0,0,0,0,0,0,0,"-","-",16
"cuchara de silicona para bebe",,,"-",243,65,-19,,,,49,268,8,0,1,0,1,0,0,0,0,0,0,61,"-",16
"baby on the go spoon",,,"-","-",0,"-",,,,56,3000,8,0,1,0,0,0,0,0,0,0,0,"-","-",17
"baby spoons hot safety",,,"-","-",0,"-",,,,49,324,8,0,1,1,0,0,0,0,0,0,0,"-",5,18
"chippi baby spoon",,,"-",477,104,-6,,,,22,218,8,0,1,0,1,0,0,0,0,0,0,211,"-",18
"olababy spoon",76.5,27.3,11,1336,334,36,0.98,0.71,1.09,94,250,8,0,1,0,0,0,0,0,0,0,0,"-","-",19
"travel baby utensils with case",,,"-",98,26,-4,,,,29,265,8,0,1,0,1,0,0,0,0,0,0,62,"-",19
"beaba spoons",,,"-",211,34,-16,1.22,0.78,1.3,90,161,8,0,1,1,0,0,0,0,0,0,0,"-",11,20
"baby safety spoons",,,"-","-",0,"-",,,,55,2000,8,0,1,1,0,0,0,0,0,0,0,"-",1,21
"cucharas para bebes 6 meses",,,"-",119,77,-32,1.1,0.8,1.34,23,649,8,0,1,0,1,0,0,0,0,0,0,112,"-",21
"cucharas de silicona para bebes",,,"-",257,70,-35,1.19,0.9,1.5,21,272,8,0,1,0,0,0,0,0,0,0,0,"-","-",21
"cuchara para bebe de 6 meses",,,"-",564,127,29,,,,40,225,8,0,1,0,0,0,0,0,0,0,0,"-","-",21
"spoon for pouches for baby food",,,"-",335,155,74,1.22,0.82,1.39,49,462,8,0,1,0,0,0,0,0,0,0,0,"-","-",22
"joovy spoon",,,"-",357,20,-37,0.52,0.32,0.8,2,56,8,0,1,0,0,0,0,0,0,0,0,"-","-",23
"baby spoons with holes",,,"-",107,29,40,,,,43,270,8,0,1,0,0,0,0,0,0,0,0,"-","-",24
"beaba spoon",57.7,50,2,310,184,5,,,,82,594,8,0,1,1,0,0,0,0,0,0,0,"-",10,24
"baby utensils spoons with travel safe case",,,"-",133,107,90,,,,55,807,8,1,1,1,0,0,0,0,0,0,0,"-",1,24
"baby soft spoon",,,"-","-",0,"-",,,,50,3000,8,0,1,0,1,0,0,0,0,0,0,142,"-",24
"bam bam baby spoon",,,"-",1012,83,-12,,,,19,82,8,0,1,0,0,0,0,0,0,0,0,"-","-",24
"num num pre spoon gootensils",,,"-",1922,123,-11,1.17,1.03,1.39,19,64,8,0,1,0,0,0,0,0,0,0,0,"-","-",25
"baby spoon with holes",,,"-",88,36,35,,,,40,409,8,0,1,1,0,0,0,0,0,0,0,"-",3,27
"cuchara entrenadora para bebe",,,"-","-",0,"-",,,,64,175,8,0,1,0,0,0,0,0,0,0,0,"-","-",27
"toddler self feeding spoon",,,"-","-",0,"-",,,,57,1000,8,0,1,0,0,0,0,0,0,0,0,"-","-",29
"lalo spoon",77.5,42.8,21,2965,338,24,0.83,0.66,0.94,79,114,8,0,1,0,0,0,0,0,0,0,0,"-","-",29
"baby spoons silicone baby spoons",,,"-",88,88,7,1.23,0.86,1.33,71,1000,8,0,1,1,0,0,0,0,0,0,0,"-",5,29
"baby spoon metal",,,"-",52,45,-47,,,,77,869,8,0,1,0,1,0,0,0,0,0,0,192,"-",30
"silicone infant spoon",,,"-",38,38,-34,,,,49,1000,8,0,1,0,0,0,0,0,0,0,0,"-","-",30
"learner spoons",,,"-","-",0,"-",,,,98,1000,8,0,1,0,0,0,0,0,0,0,0,"-","-",30
"numnum pre-spoon gootensils",,,"-",417,20,7,1.2,0.92,1.4,19,48,8,0,1,0,0,0,0,0,0,0,0,"-","-",31
"mishbaby spoon",,,"-",1059,162,71,1.07,0.86,1.27,47,153,8,0,1,0,0,0,0,0,0,0,0,"-","-",32
"baby led spoon",,,"-","-",0,"-",,,,53,797,8,0,1,1,1,0,0,0,0,0,0,126,4,33
"spoon for baby 6 months",46.7,30,10,376,210,-20,1.08,0.91,1.17,98,559,8,0,1,1,0,0,0,0,0,0,0,"-",18,33
"spoons for pouches",,,"-",83,83,-25,,,,63,1000,8,2,1,0,0,0,0,0,0,0,0,"-","-",34
"munchkin toddler spoons",,,"-","-",0,"-",,,,43,1000,8,0,1,0,0,0,0,0,0,0,0,"-","-",34
"cucharas bebe",,,"-","-",0,"-",,,,85,369,8,0,1,0,0,0,0,0,0,0,0,"-","-",35
"munchkin baby spoon",,,3,481,136,15,,,,29,283,8,0,1,0,1,0,0,0,0,0,0,221,"-",35
"toddler spoons self feeding",,,"-",46,46,-3,,,,33,1000,8,0,1,1,0,0,0,0,0,0,0,"-",4,36
"best baby spoons",,,"-","-",0,"-",,,,82,10000,8,0,1,1,0,0,0,0,0,0,0,"-",3,36
"textured baby spoon",57.8,40,10,523,283,-4,1.04,0.76,1.35,106,541,8,0,1,1,1,0,0,0,0,0,0,200,2,36
"numnum gootensils",,,7,491,142,56,0.71,0.49,1.03,11,289,8,0,1,0,0,0,0,0,0,0,0,"-","-",36
"busy baby spoon",,,"-",139,83,-20,0.95,0.74,1.16,60,598,8,0,1,1,0,0,0,0,0,0,0,"-",4,36
"numnum baby spoons set",76.1,51.9,54,387,366,29,0.94,0.61,1,54,946,8,0,1,0,1,0,0,0,0,0,0,224,"-",36
"baby spoons bpa free",,,"-","-",0,"-",,,,20,2000,8,0,1,0,0,0,0,0,0,0,0,"-","-",37
"baby utensil case",,,"-","-",0,"-",,,,94,1000,8,0,1,0,0,0,0,0,0,0,0,"-","-",37
"cuchara para bebe",33.3,,2,709,249,9,1.14,0.79,1.36,137,351,8,0,1,1,1,0,0,0,0,0,0,53,10,38
"numnum pre-spoon",,,"-","-",0,"-",,,,19,224,8,0,1,0,0,0,0,0,0,0,0,"-","-",38
"moonkie spoon",,,10,152,152,61,,,,30,1000,8,0,1,0,0,0,0,0,0,0,0,"-","-",38
"soft-tip baby spoons",,,"-",113,68,4,,,,28,604,8,0,1,0,0,0,0,0,0,0,0,"-","-",38
"numnum spoons",,,"-",90,18,1,,,,35,199,8,0,1,0,0,0,0,0,0,0,0,"-","-",39
"self feeding spoons for babies",,,"-","-",0,"-",0.88,0.68,1.1,56,1000,8,0,1,1,0,0,0,0,0,0,0,"-",9,39
"training spoons for baby",50,30,10,378,264,9,1.05,0.79,1.2,95,698,8,0,1,0,0,0,0,0,0,0,0,"-","-",40
"first spoons for baby feeding",43.8,7.1,14,346,328,13,,,,114,949,8,0,1,1,0,0,0,0,0,0,0,"-",10,40
"the baby toon spoon",,,"-",776,128,3,,,,33,165,8,0,1,0,0,0,0,0,0,0,0,"-","-",40
"spoons for babies 6-12 months",34.7,14.6,48,1870,688,3,1.04,0.78,1.23,125,368,10,0,1,1,0,0,0,0,0,0,0,"-",2,40
"silicone baby spoons self feeding",,,"-",124,121,-26,,,,77,977,8,8,1,1,0,0,0,0,0,0,0,"-",19,40
"best baby led weaning utensils",,,"-",22,22,-11,,,,73,1000,8,0,1,0,0,0,0,0,0,0,0,"-","-",40
"learning spoons baby",,,"-","-",0,"-",,,,68,1000,8,0,1,0,0,0,0,0,0,0,0,"-","-",41
"toddler spoons munchkin",,,"-","-",0,"-",,,,55,262,8,0,1,1,0,0,0,0,0,0,0,"-",13,41
"cuchara bebe",,,"-","-",0,"-",,,,73,909,8,0,1,0,0,0,0,0,0,0,0,"-","-",41
"first spoons for baby self feeding",,,"-",50,48,-30,1.38,1.06,1.49,51,956,8,0,1,0,0,0,0,0,0,0,0,"-","-",41
"the baby toon soft baby spoon",,,"-",896,146,-9,,,,56,163,8,0,1,0,0,0,0,0,0,0,0,"-","-",41
"baby spoons soft silicone spoons",,,"-",52,52,18,,,,12,1000,8,0,1,0,0,0,0,0,0,0,0,"-","-",41
"little spoon baby puffs",78.6,66.7,6,1868,198,-13,,,,45,106,8,0,1,0,0,0,0,0,0,0,0,"-","-",41
"first feeding baby spoons",,,"-",113,113,-20,,,,30,1000,8,1,1,1,0,0,0,0,0,0,0,"-",4,41
"baby spoons 6 months",39.8,27.4,84,1930,1017,9,1.04,0.73,1.23,196,527,25,0,1,1,0,0,0,0,0,0,0,"-",10,42
"bpa free baby spoons",,,"-",39,78,-3,,,,61,2000,8,0,1,0,0,0,0,0,0,0,0,"-","-",42
"numnum spoon",,,7,817,147,26,0.99,0.83,1.18,28,180,8,0,1,0,0,0,0,0,0,0,0,"-","-",42
"ezpz utensils",,,10,993,138,15,0.86,0.54,1.1,66,139,8,0,1,0,0,0,0,0,0,0,0,"-","-",42
"baby food spoon",42.4,21.4,28,92,367,-20,1,0.79,1.2,120,4000,8,0,1,1,1,0,0,0,0,0,0,54,2,43
"num num spoons",66.1,35.7,14,1620,324,29,0.86,0.6,1.01,78,200,8,0,1,0,0,0,0,0,0,0,0,"-","-",43
"baby textured spoons",,,"-",99,99,-19,1.05,0.76,1.33,32,1000,8,0,1,0,0,0,0,0,0,0,0,"-","-",43
"youkebei baby spoon",,,"-",665,109,73,0.92,0.66,1.28,35,164,8,0,1,0,0,0,0,0,0,0,0,"-","-",43
"anti choke baby spoons self feeding",,,"-",466,96,7,,,,28,206,8,0,1,0,0,0,0,0,0,0,0,"-","-",43
"baby feeding utensils",22.7,33.3,3,142,283,26,0.96,0.71,1.18,112,2000,8,1,1,0,0,0,0,0,0,0,0,"-","-",44
"cubiertos para bebes",23.3,25,4,441,214,"-",0.65,0.61,0.71,119,485,8,0,1,0,0,0,0,0,0,0,0,"-","-",44
"baby travel utensils with case",,,"-",103,27,-6,,,,81,262,8,0,1,0,0,0,0,0,0,0,0,"-","-",44
"numnum baby spoons set, feeding littles x silicone pre-spoon gootensils for baby led weaning, self-f",,,"-",191,33,3,,,,9,173,8,0,1,0,0,0,0,0,0,0,0,"-","-",44
"baby spoon silicone",52,16.7,6,176,176,4,,,,55,1000,8,0,1,0,0,0,0,0,0,0,0,"-","-",45
"num num spoon",65.6,66.7,3,1520,225,"-",1.14,1.02,1.54,23,148,8,0,1,0,0,0,0,0,0,0,0,"-","-",45
"toddler spoon silicone",,,"-","-",0,"-",,,,82,1000,8,0,1,1,0,0,0,0,0,0,0,"-",6,45
"baby food utensils 6 month",,,"-",224,132,-19,,,,49,588,8,0,1,0,1,0,0,0,0,0,0,154,"-",45
"silicone spoons for babies 6-12 months",,,"-",320,157,-9,,,,25,490,8,0,1,1,0,0,0,0,0,0,0,"-",13,45
"lalo spoons baby",,,"-",114,114,-11,,,,60,1000,8,0,1,1,0,0,0,0,0,0,0,"-",21,45
"num num pre spoon",,,"-","-",0,"-",1.09,0.87,1.19,28,84,8,0,1,0,0,0,0,0,0,0,0,"-","-",46
"soft baby spoons",46.7,20,5,210,210,11,,,,49,1000,8,0,1,1,0,0,0,0,0,0,0,"-",4,46
"baby weaning products",,,"-",41,41,-11,,,,90,1000,8,0,1,0,0,0,0,0,0,0,0,"-","-",46
"numnum baby spoon",70.5,64.1,53,694,641,11,0.87,0.69,0.96,91,924,10,0,1,1,1,0,0,0,0,0,0,113,13,46
"silicone spoons for baby",56.7,27.3,11,210,210,19,,,,87,1000,8,0,1,0,0,0,0,0,0,0,0,"-","-",47
"spoons for baby self feeding",50,16.7,6,223,223,42,,,,117,1000,8,0,1,1,0,0,0,0,0,0,0,"-",23,47
"baby feed spoon",,,"-","-",0,"-",,,,65,2000,8,0,1,0,0,0,0,0,0,0,0,"-","-",47
"self feeding baby spoons",,,"-","-",0,"-",,,,76,1000,8,0,1,0,0,0,0,0,0,0,0,"-","-",47
"toddler utensils with case",35.5,28.6,7,217,217,12,0.88,0.7,1.17,78,1000,8,2,1,0,0,0,0,0,0,0,0,"-","-",49
"spuni baby spoon",,,"-",361,60,-21,,,,47,166,8,0,1,1,0,0,0,0,0,0,0,"-",3,49
"munchkin baby spoons",55.9,45,20,363,360,4,0.92,0.59,0.99,88,991,8,0,1,1,0,0,0,0,0,0,0,"-",5,50
"munchkin white hot safety spoons",83.3,100,9,1282,273,6,0.95,0.71,1.14,37,213,8,0,1,0,0,0,0,0,0,0,0,"-","-",50
"cucharas para bebes",21.9,12.1,58,4874,1389,-6,0.9,0.71,1.11,234,285,26,1,1,1,0,0,0,0,0,0,0,"-",15,50
"ezpz spoon",63.1,41.5,53,2367,973,19,0.81,0.6,0.92,111,411,12,0,1,0,1,0,0,0,1,0,0,218,"-",50
"mish baby spoon",,,"-",320,55,-46,,,,33,172,8,0,1,1,0,0,0,0,0,0,0,"-",16,50
"baby spoons for self feeding",,,"-",27,27,-21,,,,80,1000,8,2,1,0,0,0,0,0,0,0,0,"-","-",51
"oxo baby spoon",65.5,50,8,914,203,11,0.73,0.62,1.15,53,222,8,0,1,1,1,0,0,0,0,0,0,109,4,51
"baby self feeding spoon",38.9,19,58,688,688,-17,1.08,0.81,1.25,144,1000,10,1,1,1,1,0,0,0,0,0,0,6,8,51
"silicone baby feeding spoons",56.7,45.5,11,210,210,15,,,,98,1000,8,11,1,1,0,0,0,0,0,0,0,"-",9,51
"cucharas para bebe",,,"-",253,101,-25,,,,47,400,8,0,1,1,0,0,0,0,0,0,0,"-",7,51
"baby training spoons",,,"-",58,58,-28,,,,48,1000,8,0,1,0,0,0,0,0,0,0,0,"-","-",51
"mushie spoon",50,33.3,12,512,257,10,0.86,0.69,0.96,90,502,8,0,1,0,0,0,0,0,0,0,0,"-","-",51
"textured spoons baby",50,37.5,8,368,210,12,1.04,0.7,1.16,71,571,8,0,1,0,0,0,0,0,0,0,0,"-","-",51
"textured baby spoon self feed",,,"-",472,143,"-",,,,21,303,8,0,1,0,1,0,0,0,0,0,0,196,"-",51
"toddler travel utensils with case",54.4,35.3,17,488,285,11,0.82,0.74,0.92,112,584,8,0,1,0,0,0,0,0,0,0,0,"-","-",52
"baby feeding spoons 6 months and up",40.7,50,8,449,194,-4,1.03,0.94,1.24,89,432,8,0,1,0,0,0,0,0,0,0,0,"-","-",52
"primastella silicone chew spoon set for babies",,,"-",206,29,8,,,,19,141,8,3,1,0,0,0,0,0,0,0,0,"-","-",52
"baby food pouch spoon",,,5,172,152,-22,1.18,0.95,1.41,62,884,8,4,1,1,0,0,0,0,0,0,0,"-",17,53
"munchkin spoons toddler",,,"-",440,147,11,,,,34,334,8,0,1,1,0,0,0,0,0,0,0,"-",3,53
"rubber spoons for baby",60,29.4,17,712,265,"-",,,,68,372,8,0,1,1,0,0,0,0,0,0,0,"-",14,53
"rubber baby spoons",,,"-",126,72,45,,,,49,571,8,0,1,1,0,0,0,0,0,0,0,"-",14,53
"spoon for baby self feeding",,,"-",23,45,57,,,,47,2000,8,0,1,1,0,0,0,0,0,0,0,"-",11,53
"baby weaning spoon",,,"-",64,64,-27,1.48,0.96,1.63,48,1000,8,0,1,0,0,0,0,0,0,0,0,"-","-",53
"ezpz tiny spoon",82.6,41.7,12,1714,288,28,0.81,0.59,0.98,37,168,8,0,1,0,0,0,0,0,0,0,0,"-","-",53
"baby spoons self feeding 6+ months",26.3,12.6,222,4144,2271,-9,0.94,0.74,1.18,231,548,28,4,1,1,0,0,0,0,0,0,0,"-",13,53
"baby first spoon 6 months",,,"-",227,82,-26,,,,51,361,8,0,1,0,0,0,0,0,0,0,0,"-","-",53
"silicone self feeding baby utensils",,,"-","-",0,"-",,,,19,1000,8,0,1,0,0,0,0,0,0,0,0,"-","-",53
"blw essentials for babies",20.8,,1,2132,339,9,0.9,0.65,1.19,152,159,8,0,1,0,0,0,0,0,0,0,0,"-","-",53
"numnum pre-spoon gootensils baby spoon set",,,"-","-",0,"-",,,,40,138,8,0,1,0,0,0,0,0,0,0,0,"-","-",54
"baby spoons 6+ months",33.8,21.5,65,689,689,-11,1.03,0.8,1.22,90,1000,10,0,1,0,0,0,0,0,0,0,0,"-","-",54
"self feeding spoons for babies 6-12 months",47.4,30,10,981,256,2,,,,112,261,8,0,1,1,0,0,0,0,0,0,0,"-",20,54
"netany silicone baby feeding spoons",,,"-",600,96,-14,,,,24,160,8,0,1,1,0,0,0,0,0,0,0,"-",12,54
"spoon for baby 6+ months",,,11,226,138,1,1.35,1.03,1.45,125,611,8,0,1,0,0,0,0,0,0,0,0,"-","-",54
"soft tip spoons for baby",,,6,299,137,"-",,,,12,458,8,0,1,0,0,0,0,0,0,0,0,"-","-",54
"spoon baby food",,,"-","-",0,"-",,,,59,4000,8,0,1,0,0,0,0,0,0,0,0,"-","-",55
"grabease baby utensils",,,"-",1245,137,-30,0.88,0.72,1.34,55,110,8,0,1,0,0,0,0,0,0,0,0,"-","-",55
"silicone spoon for baby",,,"-",132,132,-13,,,,67,1000,8,1,1,1,0,0,0,0,0,0,0,"-",6,55
"self feeding baby spoon",32.1,11.1,27,488,488,-13,1.09,0.81,1.31,128,1000,9,0,1,1,0,0,0,0,0,0,0,"-",2,55
"blw utensils",,,"-","-",0,"-",1.11,0.78,1.4,83,583,8,0,1,0,0,0,0,0,0,0,0,"-","-",55
"silicone feeding spoons",,,"-",148,148,-17,,,,70,1000,8,1,1,0,0,0,0,0,0,0,0,"-","-",55
"silicone baby feeding spoon",,,"-","-",0,"-",0.97,0.87,1.07,42,3000,8,1,1,1,0,0,0,0,0,0,0,"-",10,55
"silicone baby utensils 6-12 months",,,"-",99,35,-27,,,,55,352,8,0,1,0,0,0,0,0,0,0,0,"-","-",55
"spoon holder for baby",,,"-",191,74,-32,0.87,0.72,1.02,25,387,8,0,1,0,0,0,0,0,0,0,0,"-","-",55
"baby spoons silicone",43.6,26.3,19,311,311,16,1.29,1.01,1.49,117,1000,8,0,1,1,0,0,0,0,0,0,0,"-",13,56
"samigo silicone baby spoon",78.3,52,25,1739,287,31,1.06,0.69,1.25,51,165,8,0,1,1,0,0,0,0,0,0,0,"-",4,56
"baby eating essentials 6 months",,,1,158,158,153,,,,71,1000,8,0,1,0,0,0,0,0,0,0,0,"-","-",56
"baby silicone spoons",38.5,23.1,13,264,264,29,1.06,0.8,1.12,85,1000,8,1,1,1,0,0,0,0,0,0,0,"-",10,57
"feeding therapy spoons",,,"-","-",0,"-",,,,65,1000,8,0,1,0,0,0,0,0,0,0,0,"-","-",57
"spoons for babies",35,30.8,13,44,264,38,,,,96,6000,8,1,1,1,0,0,0,0,0,0,0,"-",9,57
"gootensils",54.4,54.5,33,5294,540,6,0.88,0.74,1.02,38,102,9,9,1,0,0,0,0,0,0,0,0,"-","-",57
"mushie baby spoons",58.6,25,4,837,205,-2,,,,68,245,8,0,1,0,0,0,0,0,0,0,0,"-","-",57
"spoon holder baby",,,"-",261,99,-27,0.7,0.67,0.82,36,379,8,0,1,0,0,0,0,0,0,0,0,"-","-",57
"newborn spoon",,,"-",19,19,10,,,,66,1000,8,0,1,0,0,0,0,0,0,0,0,"-","-",58
"panda ear spoons",46.4,60,5,2239,197,42,,,,12,88,8,0,1,0,0,0,0,0,0,0,0,"-","-",58
"mushie spoons baby",68,28.6,7,645,171,-7,,,,19,265,8,0,1,0,0,0,0,0,0,0,0,"-","-",58
"baby spoons self feeding",32.7,6.1,33,367,367,41,1.01,0.79,1.23,102,1000,8,9,1,1,0,0,0,0,0,0,0,"-",4,59
"baby spoons munchkin",54.8,60,5,953,222,7,1.43,1.08,1.73,100,233,8,0,1,0,0,0,0,0,0,0,0,"-","-",59
"spoon infant",,,"-","-",0,"-",,,,32,2000,8,1,1,0,0,0,0,0,0,0,0,"-","-",59
"travel baby utensils",,,"-",23,23,2,,,,62,1000,8,0,1,0,1,0,0,0,0,0,0,66,"-",59
"baby food spoons",42.3,26.9,26,92,366,1,1.06,0.81,1.21,104,4000,8,0,1,1,0,0,0,0,0,0,0,"-",17,59
"baby food spoons stage 1",,,"-",128,66,7,2.98,2.01,3.61,26,514,8,0,1,0,1,0,0,0,0,0,0,116,"-",59
"baby self feeding spoons",,,"-","-",0,"-",,,,46,1000,8,0,1,1,0,0,0,0,0,0,0,"-",4,60
"no spill spoon",,,"-",39,118,-12,,,,66,3000,8,0,1,0,0,0,0,0,0,0,0,"-","-",60
"feeding spoons for babies",,,"-",8,15,-41,0.87,0.73,1.03,43,2000,8,0,1,0,0,0,0,0,0,0,0,"-","-",60
"ezpz spoons for babies",,,"-",583,140,-11,0.87,0.67,1.12,46,240,8,0,1,0,0,0,0,0,0,0,0,"-","-",60
"ezpz utensils for baby",,,"-",237,51,-27,,,,23,215,8,0,1,0,0,0,0,0,0,0,0,"-","-",60
"baby weaning essentials",24.4,,1,270,270,11,1.01,0.73,1.28,155,1000,8,0,1,0,0,0,0,0,0,0,0,"-","-",60
"chipi baby spoon",100,83.3,6,2664,301,-4,0.7,0.61,0.85,75,113,8,1,1,0,0,0,0,0,0,0,0,"-","-",60
"spoons baby feeding",40,37.5,8,"-",170,"-",,,,12,0,8,0,1,0,0,0,0,0,0,0,0,"-","-",60
"baby training spoon",45.2,28.6,7,221,221,22,1.4,0.95,1.46,85,1000,8,3,1,1,1,0,0,0,0,0,0,56,6,61
"baby toon spoon",96,75,4,815,176,56,1.08,0.96,1.16,82,216,8,0,1,1,0,0,0,0,0,0,0,"-",8,61
"baby utensils 0-6 months",36.2,6.3,16,571,336,6,1.01,0.74,1.2,109,588,8,0,1,0,0,0,0,0,0,0,0,"-","-",61
"munchkin gentle dip spoons",,,"-",224,30,-10,,,,7,134,8,0,1,0,0,0,0,0,0,0,0,"-","-",61
"baby spoon self feeding",26.9,40,10,304,304,15,1.16,0.89,1.33,126,1000,8,0,1,1,0,0,0,0,0,0,0,"-",18,62
"baby led weaning spoon",42.9,17.6,17,412,352,27,1.08,1.03,1.41,73,855,8,0,1,1,1,0,0,0,0,0,0,28,5,62
"baby led weaning utensils",19.4,26.3,19,441,360,-15,0.97,0.72,1.19,118,816,8,5,1,0,1,0,0,0,0,0,0,132,"-",62
"cucharitas para bebe",20.7,40,5,600,207,-8,0.98,0.88,1.08,104,345,8,0,1,0,1,0,0,0,0,0,0,51,"-",62
"baby led weaning spoons",40,28.4,67,974,974,-3,1.02,0.73,1.28,119,1000,12,1,1,0,0,0,0,0,0,0,0,"-","-",62
"aeiou baby spoons",,,"-",524,118,1,,,,17,225,8,0,1,0,0,0,0,0,0,0,0,"-","-",62
"self feeding spoon",39.7,27.6,29,487,487,1,1.1,0.83,1.27,103,1000,9,1,1,0,1,0,0,0,0,0,0,20,"-",63
"baby learning spoon",,,"-",83,83,48,,,,62,1000,8,0,1,0,0,0,0,0,0,0,0,"-","-",63
"childrens medicine spoon",,,"-",779,74,-36,,,,67,95,8,0,1,0,0,0,0,0,0,0,0,"-","-",63
"pre spoon gootensils",,,"-",35,27,-60,0.85,0.63,1.31,31,761,8,0,1,0,0,0,0,0,0,0,0,"-","-",63
"mushie spoons",42.7,29,31,1781,406,-6,0.81,0.66,1.1,87,228,8,0,1,1,0,0,0,0,1,0,0,"-",16,63
"baby spoons self feeding 12+ months",,,"-",68,23,-41,,,,81,337,8,0,1,0,0,0,0,0,0,0,0,"-","-",63
"feeding spoons for babies 4 months",,,"-",246,72,15,,,,55,293,8,0,1,0,0,0,0,0,0,0,0,"-","-",63
"baby spoon 12 months",,,"-","-",0,"-",,,,57,1000,8,0,1,0,0,0,0,0,0,0,0,"-","-",64
"rubber baby spoon",44.8,50,6,538,203,4,0.95,0.82,1.21,55,377,8,0,1,1,1,0,0,0,0,0,0,102,9,64
"non toxic baby spoons",41.2,16.7,6,237,237,20,1.26,0.81,1.79,90,1000,8,0,1,1,1,0,0,0,0,0,0,89,16,64
"infant self feeding utensils",,,"-","-",0,"-",,,,80,1000,8,0,1,1,0,0,0,0,0,0,0,"-",9,64
"baby spoons self feeding 12 months",,,"-",80,23,-53,,,,57,288,8,0,1,1,0,0,0,0,0,0,0,"-",17,64
"infant spoon",34.3,17.4,23,170,340,9,1.09,0.83,1.25,106,2000,8,0,1,0,1,0,0,0,0,0,0,19,"-",65
"baby spoon set",,,9,27,133,18,1.09,0.97,1.21,98,5000,8,0,1,1,1,0,0,0,0,0,0,29,8,65
"flat baby spoon",,,"-",39,77,-28,1.33,1.2,1.46,43,2000,8,0,1,0,1,0,0,0,0,0,0,80,"-",65
"first utensils for baby self feeding",50,37.5,8,257,183,63,,,,66,711,8,0,1,0,0,0,0,0,0,0,0,"-","-",65
"starter spoons for baby",,,"-",50,26,-37,1.03,0.72,1.27,51,525,8,0,1,0,0,0,0,0,0,0,0,"-","-",65
"baby spoons self feeding 6 months",30.7,19,374,6580,4119,-11,0.99,0.68,1.18,230,626,29,1,1,1,0,0,0,0,0,0,0,"-",21,65
"spoon attachment for baby food pouch",,,7,897,122,-3,1.14,0.87,1.42,67,136,8,0,1,0,0,0,0,0,0,0,0,"-","-",66
"double sided baby spoon",,,"-",637,128,9,,,,32,201,8,0,1,0,0,0,0,0,1,0,0,"-","-",66
"bumkins baby utensils",,,"-",455,91,-31,,,,13,200,8,0,1,0,0,0,0,0,0,0,0,"-","-",66
"feeding spoon",,,3,32,158,20,1.03,0.74,1.25,81,5000,8,8,1,0,0,0,0,0,0,0,0,"-","-",67
"baby feeding products",,,"-","-",0,"-",,,,89,20000,8,0,1,0,0,0,0,0,0,0,0,"-","-",67
"munchkin spoons baby",56.7,51.7,29,1189,358,-14,1,0.68,1.19,91,301,8,0,1,1,0,0,0,0,0,0,0,"-",6,67
"toddler utensils silicone",35.5,12.5,8,109,217,70,,,,74,2000,8,0,1,0,1,0,0,0,0,0,0,24,"-",67
"silicon baby spoons",,,"-",155,155,67,,,,64,1000,8,0,1,1,0,0,0,0,0,0,0,"-",3,67
"infant spoons self feeding",,,"-",25,50,-55,,,,46,2000,8,0,1,0,0,0,0,0,0,0,0,"-","-",67
"panda ear baby spoons",,,"-","-",0,"-",,,,41,126,8,0,1,0,0,0,0,0,0,0,0,"-","-",67
"6 month eating essentials",20.7,,1,485,209,51,,,,49,431,8,0,1,0,0,0,0,0,0,0,0,"-","-",67
"self feeding spoons",,,5,138,138,-9,,,,75,1000,8,1,1,0,0,0,0,0,0,0,0,"-","-",68
"baby spoons 12 months",48.2,36.4,11,472,194,40,1.28,0.98,1.52,73,411,8,0,1,0,0,0,0,0,0,0,0,"-","-",68
"infant baby spoons",,,"-","-",0,"-",,,,37,2000,8,1,1,0,0,0,0,0,0,0,0,"-","-",68
"infant training spoon",,,"-",72,43,-7,,,,72,594,8,1,1,1,0,0,0,0,0,0,0,"-",10,68
"munchkin toddler utensils",65,57.2,7,712,265,28,0.64,0.61,0.71,90,372,8,0,1,0,0,0,0,0,0,0,0,"-","-",68
"infant spoons 6 months",,,"-",203,101,-22,1.22,0.95,1.52,38,498,8,0,1,0,1,0,0,0,0,0,0,70,"-",68
"dr brown spoons",,,"-",753,140,353,,,,19,186,8,0,1,0,0,0,0,0,0,0,0,"-","-",68
"feeding spoons for babies 6-12 months",30.4,16.7,12,1032,359,-7,1.02,0.79,1.2,104,348,8,0,1,0,0,0,0,0,0,0,0,"-","-",68
"double sided spoon baby",,,"-",498,100,-13,0.85,0.58,1.22,31,201,8,0,1,0,0,0,0,0,0,0,0,"-","-",68
"nuby dipeez spoon",,,"-",516,80,4,,,,30,155,8,0,1,0,0,0,0,0,0,0,0,"-","-",68
"baby bliss spoon",,,"-",269,36,-45,1.06,0.91,1.21,28,134,8,0,1,0,0,0,0,0,0,0,0,"-","-",68
"6 piece silicone baby feeding spoons",,,"-",119,34,-30,,,,23,286,8,1,1,0,0,0,0,0,0,0,0,"-","-",68
"lalo feeding",,,"-",460,125,-13,,,,0,272,8,0,1,0,0,0,0,0,0,0,0,"-","-",68
"baby lead weaning spoon",,,"-",275,120,3,1.05,0.84,1.37,51,437,8,0,1,1,0,0,0,0,1,0,0,"-",3,69
"self feeding baby utensils",27.9,,3,276,276,22,1.03,0.88,1.19,132,1000,8,1,1,0,0,0,0,0,0,0,0,"-","-",69
"silicon spoon baby",,,"-",122,122,73,,,,55,1000,8,0,1,0,0,0,0,0,0,0,0,"-","-",69
"little spoon baby food",38.7,26.5,34,240,1202,2,1.2,0.68,1.75,191,5000,26,0,1,1,1,0,0,0,0,0,0,189,7,69
"choomee spoon",,,"-","-",0,"-",,,,47,106,8,0,1,0,0,0,0,0,0,0,0,"-","-",69
"grab ease baby feeding utensils",,,"-",343,126,71,,,,57,367,8,0,1,0,0,0,0,0,0,0,0,"-","-",69
"baby training spoons self feeding",,,"-",42,32,-42,,,,65,761,8,0,1,1,0,0,0,0,0,0,0,"-",14,69
"baby solids essentials",31.9,30.8,13,18,359,22,0.91,0.73,1.12,115,20000,8,0,1,0,1,0,0,0,0,0,0,84,"-",69
"baby feeding spoon 6-12 months",,,"-",257,87,-24,,,,28,339,8,0,1,1,0,0,0,0,0,0,0,"-",14,69
"baby essentials for eating",,,"-","-",0,"-",,,,23,4000,8,0,1,0,0,0,0,0,0,0,0,"-","-",69
"silicone baby spoons 6+ months",46.5,23.5,17,519,276,4,0.97,0.77,1.17,96,532,8,0,1,0,1,0,0,0,0,0,0,59,"-",69
"chippy baby spoon",,,"-",189,38,-39,,,,32,201,8,0,1,1,0,0,0,0,0,0,0,"-",8,69
"numnum pre spoon",,,"-","-",0,"-",,,,22,93,8,0,1,0,0,0,0,0,1,0,0,"-","-",70
"first feeding spoon",,,"-","-",0,"-",,,,61,3000,8,0,1,0,0,0,0,0,0,0,0,"-","-",70
"dr browns spoons",,,"-",67,13,-16,,,,34,193,8,0,1,0,0,0,0,0,0,0,0,"-","-",70
"silicone baby spoons first stage",,,"-","-",0,"-",0.92,0.69,1.15,24,578,8,0,1,0,0,0,0,0,0,0,0,"-","-",70
"baby utensils for self feeding",,,"-","-",0,"-",,,,67,1000,8,0,1,0,0,0,0,0,0,0,0,"-","-",71
"silicone baby utensils",35.6,33.3,12,159,317,9,1.02,0.77,1.24,92,2000,8,0,1,0,0,0,0,0,0,0,0,"-","-",71
"metal baby spoon",,,"-",71,64,-41,,,,12,900,8,0,1,0,0,0,0,0,0,0,0,"-","-",71
"textured grippy baby spoon",,,"-",918,157,-5,1.19,0.76,1.33,23,171,8,0,1,0,0,0,0,0,0,0,0,"-","-",71
"infant spoons",43.3,34.3,67,459,918,"-",1.01,0.74,1.27,142,2000,12,7,1,0,0,0,0,0,0,0,0,"-","-",72
"silicone baby spoon",33.7,8.3,24,356,356,13,1.01,0.76,1.23,108,1000,8,2,1,1,1,0,0,0,0,0,0,135,1,72
"feeding spoons",45.5,42.9,7,70,280,11,1.21,0.76,1.28,122,4000,8,9,1,0,1,0,0,0,0,0,0,18,"-",72
"silicone spoon baby",41.2,27.3,11,236,236,15,1.23,0.96,1.26,91,1000,8,0,1,0,0,0,0,0,0,0,0,"-","-",72
"baby boy spoons",,,"-",59,117,-15,,,,49,2000,8,0,1,1,0,0,0,0,0,0,0,"-",17,72
"flat spoons for baby",,,"-",42,127,35,,,,38,3000,8,0,1,0,0,0,0,0,0,0,0,"-","-",72
"spoons for toddlers 1-3",24.2,19.5,36,487,487,2,0.9,0.74,1.16,144,1000,9,0,1,1,0,0,0,0,0,0,0,"-",12,72
"prespoons for baby",,,"-",1009,110,44,1.04,0.73,1.39,12,109,8,0,1,0,0,0,0,0,0,0,0,"-","-",72
"num spoon",,,"-","-",0,"-",,,,63,364,8,0,1,0,0,0,0,0,1,0,0,"-","-",73
"baby led weaning essentials",,,"-",111,69,-24,,,,23,622,8,0,1,0,0,0,0,0,0,0,0,"-","-",73
"upward baby spoon",,,"-",321,67,3,0.98,0.66,1.23,30,209,8,0,1,1,1,0,0,0,0,0,0,73,5,73
"dr brown spoons for baby",,,"-",614,129,-33,,,,19,210,8,0,1,0,0,0,0,0,0,0,0,"-","-",73
"small baby spoons",,,"-",3,17,-72,,,,39,6000,8,0,1,1,0,0,0,0,0,0,0,"-",11,74
"baby eating essentials",16.3,5.6,162,1030,4119,12,0.75,0.57,1.05,355,4000,29,0,1,0,1,0,0,0,0,0,0,35,"-",74
"wee sprout utensils",55.4,17.6,17,3000,312,29,0.81,0.77,1.05,106,104,8,0,1,0,0,0,0,0,0,0,0,"-","-",74
"little spoon toddler meals",,,"-","-",0,"-",,,,69,1000,8,0,1,0,0,0,0,0,0,0,0,"-","-",74
"nuby self feeding spoon",,,"-",407,70,-41,,,,25,172,8,0,1,0,0,0,0,0,0,0,0,"-","-",74
"toddler training spoon",,,"-","-",0,"-",,,,51,838,8,0,1,0,0,0,0,0,0,0,0,"-","-",75
"baby spoons stage 1",,,"-","-",0,"-",,,,61,1000,8,0,1,0,0,0,0,0,0,0,0,"-","-",75
"ez spoon baby",,,"-",636,145,-11,,,,59,228,8,0,1,1,0,0,0,0,0,0,0,"-",17,76
"kids travel utensils with case",,,"-",213,127,-28,0.92,0.73,1.06,60,596,8,1,1,0,0,0,0,0,0,0,0,"-","-",76
"baby metal spoons",,,"-",143,131,-3,,,,65,918,8,0,1,1,0,0,0,0,0,0,0,"-",6,76
"baby utensils 6-12 months self feeding set",,,"-",504,135,-7,1.11,0.9,1.25,70,268,8,0,1,0,0,0,0,0,0,0,0,"-","-",76
"textured spoons baby self feed",55.2,50,10,588,203,-30,1,0.73,1.3,99,345,8,0,1,1,1,0,0,0,0,0,0,103,8,76
"munchkin utensils",52.8,16,25,360,359,10,0.67,0.43,0.82,115,997,8,0,1,0,0,0,0,0,0,0,0,"-","-",77
"silicone utensils baby",39.1,17.6,17,164,327,20,1.02,0.81,1.16,152,2000,8,0,1,0,0,0,0,0,1,0,0,"-","-",77
"baby food pouch spoon attachment",58.1,25,4,1200,222,-14,0.8,0.67,1.06,68,185,8,2,1,0,0,0,0,0,0,0,0,"-","-",77
"baby travel utensils",,,"-",114,114,-26,,,,25,1000,8,0,1,0,0,0,0,0,0,0,0,"-","-",77
"6 month feeding essentials",19.4,,1,324,324,15,0.85,0.69,1.14,81,1000,8,0,1,0,1,0,0,0,0,0,0,140,"-",77
"restaurant baby essentials",37,16.7,6,217,189,-8,,,,20,872,8,0,1,0,0,0,0,0,0,0,0,"-","-",77
"grippy spoon baby self feed",,,8,561,120,-42,0.97,0.77,1.08,77,214,8,0,1,0,0,0,0,0,0,0,0,"-","-",77
"baby feeding essentials 3-6 months",33.3,50,6,285,285,19,,,,34,1000,8,0,1,0,0,0,0,0,0,0,0,"-","-",77
"silicone baby spoons teething",54.2,33.3,15,"-",292,"-",,,,12,0,8,0,1,0,0,0,0,0,0,0,0,"-","-",77
"babyspoon",,,"-",102,36,-34,,,,52,354,8,0,1,0,0,0,0,0,0,0,0,"-","-",78
"baby utensils 12-18 months",29.8,26.3,80,1493,906,6,0.95,0.71,1.18,203,607,12,0,1,0,0,0,0,0,0,0,0,"-","-",78
"spoon for baby food pouches",,,"-",75,52,25,,,,52,696,8,0,1,1,0,0,0,0,0,0,0,"-",31,78
"baby feeding spoons 0-6 months",32,16.7,6,548,176,-4,2.13,1.61,2.78,57,321,8,0,1,0,0,0,0,0,0,0,0,"-","-",78
"baby lead weaning supplies",27.3,26.1,23,864,540,10,0.83,0.62,1.11,100,625,9,0,1,0,0,0,0,0,0,0,0,"-","-",78
"silicone baby spoons",36.3,23,165,1843,1843,10,0.99,0.68,1.2,225,1000,32,17,1,1,0,0,0,0,0,0,0,"-",3,79
"baby spoons for pouches",,,"-",254,118,-23,,,,60,465,8,2,1,0,0,0,0,0,0,0,0,"-","-",79
"infant self feeding spoon",,,"-",138,138,20,,,,61,1000,8,0,1,1,0,0,0,0,0,0,0,"-",11,79
"utencilios para bebes",,,"-","-",0,"-",,,,79,160,8,0,1,0,0,0,0,0,0,0,0,"-","-",79
"silicon baby spoon",,,"-",38,38,-16,,,,69,1000,8,0,1,1,1,0,0,0,0,0,0,23,8,79
"spoon for babies",,,"-","-",0,"-",,,,76,7000,8,0,1,0,0,0,0,0,0,0,0,"-","-",79
"grippy baby spoon",,,"-",488,105,-25,,,,37,215,8,0,1,1,1,0,0,0,0,0,0,208,9,79
"baby utensils silicone",23.1,28.6,7,93,186,90,,,,71,2000,8,0,1,0,0,0,0,0,0,0,0,"-","-",80
"cucharas para niños",15.4,16.7,6,1092,262,-19,0.76,0.6,1.09,84,240,8,0,1,0,0,0,0,0,0,0,0,"-","-",80
"blw spoons",48.6,33.3,9,584,244,14,1.13,0.98,1.46,121,418,8,0,1,1,1,0,0,0,0,0,0,210,14,80
"baby utensils 6-12 months",20.6,16.4,116,2236,1581,3,0.8,0.56,1.19,216,707,26,0,1,0,0,0,0,0,0,0,0,"-","-",80
"omie spoon",,,"-",699,93,-28,,,,26,133,8,0,1,0,0,0,0,0,0,0,0,"-","-",80
"ezpz spoons",,,"-",729,148,31,0.89,0.69,1.1,21,203,8,0,1,0,0,0,0,0,0,0,0,"-","-",80
"6 month old baby feeding essentials",19.2,,1,468,304,95,,,,112,650,8,0,1,0,0,0,0,0,0,0,0,"-","-",80
"baby feeding spoon",32.9,13.3,83,600,1200,4,0.97,0.68,1.15,276,2000,26,2,1,1,1,0,0,0,0,0,0,1,5,81
"infant feeding spoons",37.8,40,5,127,253,4,1.01,0.75,1.06,77,2000,8,1,1,1,1,0,0,0,0,0,0,8,7,81
"nuby spoon",62.5,50,4,334,225,22,1.07,1.05,1.69,106,673,8,0,1,0,0,0,0,0,0,0,0,"-","-",81
"first spoon",,,"-",9,46,14,,,,73,5000,8,1,1,0,0,0,0,0,0,0,0,"-","-",81
"leaf baby spoon",,,"-","-",0,"-",,,,69,248,8,0,1,1,0,0,0,0,0,0,0,"-",3,81
"travel utensils for baby",,,"-",46,46,8,,,,31,1000,8,0,1,0,0,0,0,0,0,0,0,"-","-",81
"baby's first feeding spoon",,,"-",152,151,-9,,,,40,992,8,0,1,0,0,0,0,0,0,0,0,"-","-",81
"baby feeding spoons",35.3,25,32,270,540,5,1.03,0.79,1.24,132,2000,9,7,1,1,0,0,0,0,0,0,0,"-",6,82
"baby silicon spoon",,,"-","-",0,"-",,,,52,1000,8,0,1,1,0,0,0,0,0,0,0,"-",31,82
"baby starter spoon",,,"-",71,34,-4,,,,41,480,8,0,1,0,0,0,0,0,0,0,0,"-","-",82
"infant silicone spoon",,,"-","-",0,"-",,,,76,1000,8,0,1,0,0,0,0,0,1,0,0,"-","-",82
"teether crackers for babies 6-12 months",,,"-",183,15,-60,1.31,0.98,1.65,23,82,8,0,1,0,0,0,0,0,0,0,0,"-","-",82
"baby spoons 12+ months",,,"-",247,115,-22,1.13,0.83,1.39,45,465,8,0,1,1,0,0,0,0,0,0,0,"-",9,82
"spoons for baby",33,25,28,68,405,16,1.05,0.81,1.23,124,6000,8,2,1,1,0,0,0,0,0,0,0,"-",5,83
"baby silicone spoon",42.3,20,80,689,689,7,1.03,0.71,1.24,173,1000,10,0,1,1,1,0,0,0,0,0,0,2,2,83
"blw spoons for babies",45.7,32.4,34,871,434,-12,1.07,0.76,1.15,74,498,8,0,1,1,0,0,0,0,1,0,0,"-",4,83
"baby first spoon 4 months",40,22.2,9,833,215,-11,1.39,0.91,1.55,91,258,8,0,1,1,0,0,0,0,0,0,0,"-",21,83
"munchkin gentle dip baby spoons",,,"-",549,84,-29,,,,28,153,8,0,1,0,0,0,0,0,0,0,0,"-","-",83
"spoons baby",37,34.8,23,58,348,22,1.06,0.81,1.26,137,6000,8,1,1,1,0,0,0,0,0,0,0,"-",4,84
"teether spoon",,,"-",375,148,-18,,,,55,395,8,2,1,0,0,0,0,0,0,0,0,"-","-",85
"baby first utensils",,,"-",122,122,221,1.2,1.1,1.31,85,1000,8,0,1,0,0,0,0,0,0,0,0,"-","-",85
"baby self feeding utensils",37.1,25,20,324,324,10,1,0.74,1.27,148,1000,8,0,1,0,0,0,0,0,0,0,0,"-","-",85
"baby toon teething spoon",,,"-",244,31,-6,0.93,0.6,1.12,54,127,8,0,1,1,0,0,0,0,0,0,0,"-",3,86
"baby food scissors with case travel",,,17,1667,155,7,0.74,0.5,1.01,44,93,8,0,1,0,0,0,0,0,0,0,0,"-","-",86
"spoon for baby",40,14.3,14,59,354,4,1.05,0.76,1.22,126,6000,8,2,1,1,0,0,0,0,0,0,0,"-",10,87
"baby spoon stage 1",,,"-","-",0,"-",,,,60,497,8,0,1,1,0,0,0,0,0,0,0,"-",20,87
"baby silicone utensils",,,"-",40,79,-11,,,,24,2000,8,0,1,0,0,0,0,0,0,0,0,"-","-",87
"baby spoon feeder squeeze silicone",,,"-",97,46,-46,0.95,0.65,1.41,18,476,8,0,1,0,0,0,0,0,0,0,0,"-","-",87
"puree spoons for baby stage 1",,,"-",422,111,-24,,,,18,263,8,0,1,0,0,0,0,0,0,0,0,"-","-",87
"first baby spoon",,,"-",32,32,75,,,,80,1000,8,0,1,1,0,0,0,0,0,0,0,"-",5,88
"utensilios para bebe",,,"-",425,153,-25,,,,29,360,8,0,1,0,0,0,0,0,0,0,0,"-","-",88
"bany spoons",,,"-","-",0,"-",,,,79,6000,8,0,1,1,0,0,0,0,0,0,0,"-",9,88
"choomee baby spoons",,,"-","-",0,"-",,,,30,208,8,0,1,0,0,0,0,0,0,0,0,"-","-",88
"spoons for toddlers 3-5",,,"-",174,147,-5,,,,12,846,8,0,1,0,0,0,0,0,0,0,0,"-","-",88
"teething spoon",46.2,52.4,21,328,328,16,1.2,1.08,1.33,130,1000,8,3,1,0,1,0,0,0,0,0,0,252,"-",89
"silicone spoons baby",37.5,27.1,122,1394,1394,6,1,0.74,1.23,201,1000,26,0,1,1,0,0,0,0,0,0,0,"-",14,89
"baby food spoon feeder",40.8,33.3,12,148,296,19,0.93,0.74,1.08,97,2000,8,0,1,1,1,0,0,0,0,0,0,153,4,89
"baby food feeder spoon",,,"-",23,45,-20,0.79,0.7,0.89,39,2000,8,0,1,0,0,0,0,0,0,0,0,"-","-",89
"infant feeding supplies",,,"-",1,48,2,0.8,0.54,0.94,62,60000,8,0,1,0,0,0,0,0,0,0,0,"-","-",89
"babies first spoon",,,"-","-",0,"-",,,,64,1000,8,0,1,1,0,0,0,0,0,0,0,"-",9,89
"baby spoons first stage 4 months",,,"-",371,82,-30,1.04,0.84,1.29,71,221,8,1,1,0,0,0,0,0,0,0,0,"-","-",89
"pouch spoons feeder for baby",,,"-",268,96,-26,1.17,0.9,1.3,72,358,8,0,1,0,0,0,0,0,0,0,0,"-","-",89
"grippy spoon",,,"-",492,92,-25,1.34,0.93,1.47,96,187,8,0,1,0,0,0,0,0,0,0,0,"-","-",89
"baby and toddler feeding supplies",,,"-",9,43,-51,1.08,0.81,1.32,89,5000,8,2,1,0,0,0,0,0,0,0,0,"-","-",89
"puree baby spoon",,,"-",120,107,-32,1.07,0.87,1.25,39,890,8,0,1,0,0,0,0,0,1,0,0,"-","-",89
"feeding essentials for 6 month old",32.6,42.9,7,500,288,101,,,,86,576,8,0,1,0,0,0,0,0,0,0,0,"-","-",89
"feeding supplies for baby",,,"-","-",0,"-",,,,64,80000,8,0,1,0,0,0,0,0,0,0,0,"-","-",90
"food pouch spoon",,,"-",77,154,-16,1.04,0.69,1.38,61,2000,8,5,1,0,0,0,0,0,0,0,0,"-","-",90
"kids spoon",25.5,23.1,13,38,300,18,0.99,0.72,1.22,116,8000,8,0,1,0,0,0,0,0,0,0,0,"-","-",90
"baby bottle spoon",,,"-",207,113,-4,1.01,0.68,1.34,42,547,8,0,1,0,0,0,0,0,0,0,0,"-","-",90
"spoon feeder for baby food",44,33.3,3,85,170,-7,1.21,0.93,1.64,21,2000,8,0,1,1,0,0,0,0,0,0,0,"-",19,90
"pouch spoon",,,"-",152,152,-12,1.03,0.76,1.25,112,1000,8,6,1,0,0,0,0,0,0,0,0,"-","-",91
"baby feeder spoon",,,"-",51,101,-16,1.32,0.99,1.66,43,2000,8,0,1,1,0,0,0,0,0,0,0,"-",1,91
"baby first spoon",34.5,12,25,352,352,"-",1.07,0.81,1.23,107,1000,8,0,1,1,1,0,0,0,0,0,0,31,1,91
"plastic baby spoons",43.8,21.4,14,56,225,-5,0.94,0.67,1.02,106,4000,8,1,1,1,1,0,0,0,1,0,0,183,1,91
"nuby spoons",47.9,41.7,12,1442,362,16,0.9,0.58,1.06,97,251,8,0,1,0,0,0,0,0,0,0,0,"-","-",91
"choo me spoon",,,"-","-",0,"-",,,,28,158,8,0,1,0,0,0,0,0,1,0,0,"-","-",91
"gootensils spoons stage 1",,,"-","-",0,"-",,,,42,121,8,0,1,0,0,0,0,0,0,0,0,"-","-",91
"medicine spoon for kids",53.9,45.5,11,384,261,-3,0.8,0.55,0.82,76,679,8,3,1,0,0,0,0,0,0,0,0,"-","-",91
"baby grippy spoon",,,"-",253,63,-11,1.26,0.87,1.35,33,249,8,0,1,0,0,0,0,0,0,0,0,"-","-",91
"nuby mini spoons",,,"-",204,28,-37,1.1,0.58,1.18,38,137,8,0,1,0,0,0,0,0,0,0,0,"-","-",91
"baby food utensils",26.4,,2,68,339,21,0.95,0.73,1.26,124,5000,8,0,1,0,0,0,0,0,0,0,0,"-","-",92
"babys spoon",,,"-","-",0,"-",,,,67,7000,8,0,1,1,0,0,0,0,0,0,0,"-",5,92
"baby first spoons",,,"-",140,140,141,,,,34,1000,8,0,1,0,0,0,0,0,0,0,0,"-","-",92
"baby first food essentials",30.9,20,5,84,335,15,0.88,0.67,1.11,177,4000,8,0,1,0,0,0,0,0,0,0,0,"-","-",92
"6 month old feeding essentials",21,33.3,3,465,258,22,,,,120,555,8,0,1,0,0,0,0,0,0,0,0,"-","-",92
"pandaear baby spoons",,,"-",244,75,-2,,,,43,307,8,0,1,1,0,0,0,0,0,0,0,"-",7,92
"metal baby spoons",39.6,26.7,30,441,405,3,0.72,0.55,0.91,108,918,8,0,1,0,0,0,0,0,0,0,0,"-","-",93
"adult baby spoon",,,"-",44,29,74,,,,65,663,8,0,1,0,0,0,0,0,1,0,0,"-","-",93
"babys first spoon",,,"-",128,128,1,,,,51,1000,8,0,1,0,0,0,0,0,0,0,0,"-","-",93
"travel toddler utensils with case",,,"-",389,153,-4,0.81,0.71,0.95,63,393,8,0,1,0,0,0,0,0,0,0,0,"-","-",93
"short baby spoons",,,"-","-",0,"-",,,,43,528,8,0,1,0,1,0,0,0,0,0,0,63,"-",93
"blw spoon",,,8,318,128,60,1.35,1.04,1.66,51,403,8,0,1,0,0,0,0,0,0,0,0,"-","-",93
"kids spoons",26.8,21.9,105,131,1045,-7,0.8,0.57,0.97,247,8000,30,14,1,0,0,0,0,0,0,0,0,"-","-",94
"baby spoon with handle",,,"-",13,63,11,,,,59,5000,8,0,1,0,0,0,0,0,0,0,0,"-","-",94
"weesprout spoons",,,"-",309,63,-49,1,0.7,1.19,44,204,8,0,1,0,0,0,0,0,0,0,0,"-","-",94
"munchkin utensils for toddlers 1-3",70.4,72.7,11,612,207,-11,0.84,0.75,1.12,105,338,8,0,1,0,0,0,0,0,0,0,0,"-","-",94
"infant feeding spoon",,,"-","-",0,"-",,,,67,2000,8,1,1,0,0,0,0,0,0,0,0,"-","-",95
"baby food dispensing spoon",35.5,50,4,888,222,-13,0.48,0.35,0.72,74,250,8,15,1,1,0,0,0,0,0,0,0,"-",6,95
"baby cereal spoon",,,"-","-",0,"-",,,,82,471,8,0,1,0,0,0,0,0,0,0,0,"-","-",95
"training spoons",,,"-",55,55,75,1.35,0.89,1.64,65,1000,8,5,1,0,1,0,0,0,0,0,0,81,"-",95
"infant spoons first stage",37.9,30.3,33,874,368,-9,1,0.76,1.18,97,421,8,3,1,0,1,0,0,0,0,0,0,91,"-",95
"busy baby teething spoon",,,9,685,148,11,1.06,0.93,1.25,47,216,8,0,1,0,0,0,0,0,0,0,0,"-","-",95
"baby food spoons squeeze",,,"-",465,165,7,,,,35,355,8,0,1,0,0,0,0,0,0,0,0,"-","-",95
"infant spoons 6-12 months",42.6,21.7,23,964,323,16,1.02,0.84,1.19,125,335,8,0,1,0,0,0,0,0,0,0,0,"-","-",95
"baby spoon feeder",35.7,75,4,101,201,20,1.16,0.94,1.32,113,2000,8,1,1,1,0,0,0,0,0,0,0,"-",5,96
"spoon baby",40.4,37.5,16,51,303,13,0.96,0.71,1.17,151,6000,8,0,1,1,0,0,0,0,0,0,0,"-",8,96
"nuby baby spoons",,,8,552,123,-8,,,,45,223,8,0,1,1,1,0,0,0,0,0,0,220,8,96
"baby girl spoons",35.9,21.4,14,262,262,7,,,,79,1000,8,0,1,0,0,0,0,0,0,0,0,"-","-",96
"toddler silicone utensils",,,"-",39,77,-8,,,,45,2000,8,0,1,0,0,0,0,0,0,0,0,"-","-",96
"infant utensils 6-12 months",,,1,245,157,-1,1.15,0.91,1.51,83,642,8,0,1,0,0,0,0,0,0,0,0,"-","-",96
"spoons for toddlers",21.3,8.3,12,72,289,34,0.86,0.66,1.13,126,4000,8,1,1,0,0,0,0,0,0,0,0,"-","-",97
"baby spoons 4+ months",34.1,23.4,111,2457,1388,-16,1.04,0.72,1.26,200,565,26,0,1,1,0,0,0,0,0,0,0,"-",12,98
"6 month old eating essentials",,,"-",417,138,47,,,,65,331,8,0,1,0,0,0,0,0,0,0,0,"-","-",98
"disposable baby spoons bpa free",,,"-","-",0,"-",,,,78,774,8,0,1,1,0,0,0,0,0,0,0,"-",5,99
"toddler feeding essentials",25.6,33.3,15,119,358,3,0.88,0.67,1.16,166,3000,8,0,1,0,0,0,0,0,0,0,0,"-","-",99
"munchkin soft tip baby spoons",89.7,90.9,11,1079,205,-4,,,,53,190,8,0,1,0,0,0,0,0,0,0,0,"-","-",99
"baby spons",,,"-","-",0,"-",,,,67,6000,8,0,1,1,0,0,0,0,0,0,0,"-",9,100
"teething spoon baby",,,"-","-",0,"-",,,,66,803,8,0,1,0,0,0,0,0,0,0,0,"-","-",100
"num num baby spoons",65.5,39.7,146,7092,1702,8,0.76,0.55,1.03,132,240,26,0,1,1,0,0,0,0,0,0,0,"-",2,100
"baby food spoon scraper",,,"-",459,102,-14,,,,36,222,8,0,1,1,1,0,0,0,0,0,0,233,7,100
"baby led weaning supplies",28.9,20.5,258,5577,5577,-6,0.76,0.5,0.99,253,1000,35,13,1,0,1,0,0,0,0,0,0,34,"-",101
"baby puree spoon",33.3,25,8,392,215,-12,1.14,0.92,1.46,86,549,8,0,1,1,1,0,0,0,0,0,0,166,3,101
"silicone eating utensils",44.8,100,1,102,203,2,,,,80,2000,8,0,1,1,0,0,0,0,0,0,0,"-",12,101
"universal baby food pouch spoon",,,"-",144,27,4,,,,22,188,8,2,1,0,0,0,0,0,0,0,0,"-","-",101
"silicone spoon for eating",48.2,50,2,"-",187,"-",,,,0,0,8,0,1,0,0,0,0,0,0,0,0,"-","-",101
"baby girl feeding supplies",,,"-",7,141,1,,,,24,20000,8,0,1,0,0,0,0,0,0,0,0,"-","-",101
"baby spoons 4 months",35.9,27.5,171,6247,1843,-12,0.98,0.72,1.26,202,295,27,1,1,1,1,0,0,0,0,0,0,69,22,103
"baby chains",46.4,40,5,20,201,551,,,,92,10000,8,0,1,0,0,0,0,0,0,0,0,"-","-",103
"baby sooon",,,6,20,118,-13,,,,96,6000,8,0,1,1,0,0,0,0,0,0,0,"-",18,103
"texture spoon for baby",,,"-",52,26,-50,,,,32,498,8,0,1,0,0,0,0,0,0,0,0,"-","-",103
"munchkin spoon",58.8,61.9,21,1261,348,19,0.87,0.64,0.99,92,276,8,0,1,0,0,0,0,0,0,0,0,"-","-",104
"munchkin spoons",57.5,56.4,94,4135,1224,1,0.93,0.64,1.06,204,296,26,0,1,0,1,0,0,0,1,0,0,110,"-",104
"baby food accessories",20.9,7.7,13,18,359,10,0.95,0.64,1.2,145,20000,8,0,1,0,1,0,0,0,0,0,0,65,"-",104
"baby medicine spoon",,,"-","-",0,"-",,,,61,151,8,0,1,0,1,0,0,0,0,0,0,82,"-",104
"baby dipper spoon",,,"-","-",0,"-",,,,78,337,8,0,1,0,0,0,0,0,0,0,0,"-","-",104
"baby sppon",,,"-",23,139,-28,,,,95,6000,8,0,1,1,0,0,0,0,0,0,0,"-",5,104
"babay spoon",,,"-","-",0,"-",,,,70,6000,8,0,1,1,0,0,0,0,0,0,0,"-",5,104
"loaded spoon baby",,,"-","-",0,"-",,,,65,289,8,0,1,1,0,0,0,0,0,0,0,"-",9,104
"bottle spoon feeder for baby",,,"-",125,57,-49,0.92,0.73,1.05,70,455,8,0,1,0,0,0,0,0,0,0,0,"-","-",104
"wee sprout spoons",,,"-",580,119,-14,1.33,1.05,1.66,36,205,8,0,1,0,0,0,0,0,0,0,0,"-","-",105
"squeeze spoon baby food",,,"-",465,154,11,,,,61,331,8,0,1,0,1,0,0,0,0,0,0,114,"-",105
"toddler self feeding utensils",,,13,155,155,21,,,,137,1000,8,0,1,0,0,0,0,0,0,0,0,"-","-",106
"6 month essentials",22.2,66.7,3,25,250,70,,,,113,10000,8,0,1,0,0,0,0,0,0,0,0,"-","-",106
"baby feeding essentials 6-12 months",,,6,145,145,1,0.87,0.74,0.96,147,1000,8,0,1,0,0,0,0,0,0,0,0,"-","-",106
"baby spoon",27.8,15.9,527,930,5577,"-",0.92,0.65,1.15,269,6000,31,1,1,1,1,0,0,0,0,0,0,5,1,107
"sensory spoon",,,"-","-",0,"-",,,,73,320,8,1,1,0,0,0,0,0,1,0,0,"-","-",108
"baby spoon first stage",,,"-","-",0,"-",,,,51,647,8,0,1,0,0,0,0,0,0,0,0,"-","-",108
"baby travel bowl and spoon set",,,"-","-",0,"-",,,,50,787,8,0,1,0,0,0,0,0,0,0,0,"-","-",108
"training utensils for baby",,,"-","-",0,"-",,,,78,761,8,0,1,0,0,0,0,0,0,0,0,"-","-",109
"rubber tipped baby spoons",,,"-",690,147,-2,,,,63,213,8,0,1,1,0,0,0,0,0,0,0,"-",8,109
"baby squeeze spoon feeder",,,"-",229,128,-19,0.85,0.56,1.06,27,559,8,0,1,0,1,0,0,0,0,0,0,90,"-",109
"teething spoons",66.7,50,2,383,187,-15,,,,79,488,8,1,1,0,0,0,0,0,0,0,0,"-","-",109
"numnum baby spoons",,,7,793,142,"-",,,,20,179,8,0,1,0,0,0,0,0,1,0,0,"-","-",109
"munchkin feeding utensils",,,"-",497,157,"-",,,,25,316,8,0,1,0,0,0,0,0,0,0,0,"-","-",109
"baby sppons",32.2,20,15,53,319,18,0.88,0.66,1.01,116,6000,8,0,1,0,1,0,0,0,1,0,0,123,"-",110
"baby first feeding essentials",26,42.9,7,150,300,-15,0.92,0.64,1.12,149,2000,8,0,1,0,0,0,0,0,1,0,0,"-","-",110
"baby bamboo spoon",,,"-",287,140,67,,,,27,488,8,0,1,0,0,0,0,0,0,0,0,"-","-",111
"preloaded spoon for baby",,,9,568,126,24,,,,33,222,8,0,1,0,0,0,0,0,0,0,0,"-","-",111
"num num",39,28.6,7,1646,344,30,0.67,0.57,0.93,82,209,8,1,1,0,0,0,0,0,0,0,0,"-","-",112
"toddler apoons",,,"-",7,29,73,,,,54,4000,8,0,1,0,0,0,0,0,0,0,0,"-","-",113
"infant eating essentials",20.6,25,4,119,237,11,,,,136,2000,8,0,1,0,0,0,0,0,0,0,0,"-","-",113
"ezpz baby led weaning cutters",,,"-",51,37,-26,,,,6,731,8,0,1,0,0,0,0,0,0,0,0,"-","-",113
"food pouch spoon attachment",,,"-",231,40,-8,0.96,0.77,1.03,25,173,8,2,1,0,0,0,0,0,0,0,0,"-","-",114
"toddler soup spoon",54.6,33.3,12,320,309,8,0.69,0.55,0.87,166,966,8,0,1,0,1,0,0,0,0,0,0,184,"-",114
"baby apoons",42.3,40,5,31,184,-8,,,,86,6000,8,0,1,1,0,0,0,0,0,0,0,"-",14,114
"baby spoon bottle feeder",,,"-",17,14,-45,1.05,0.6,1.27,47,833,8,0,1,0,0,0,0,0,0,0,0,"-","-",116
"toddler spoon",20.9,16.8,95,259,1036,-1,0.88,0.67,1.14,242,4000,25,0,1,1,1,0,0,0,0,0,0,11,5,117
"baby teether spoon",,,"-","-",0,"-",,,,48,567,8,0,1,0,0,0,0,0,1,0,0,"-","-",117
"utensil for baby",,,"-",8,53,23,,,,39,7000,8,0,1,0,0,0,0,0,0,0,0,"-","-",117
"dog spoon",37.3,9.1,11,106,319,13,0.76,0.39,0.87,88,3000,8,1,1,0,1,0,0,0,0,0,0,244,"-",117
"baby teething spoon",,,"-",32,18,-61,,,,58,561,8,3,1,1,0,0,0,0,0,0,0,"-",5,118
"pouch spoon attachment",58.5,47.6,21,2308,330,-8,0.8,0.59,1.27,44,143,8,2,1,0,0,0,0,0,0,0,0,"-","-",119
"baby forks self feeding 6 months",,,"-",182,43,-39,,,,42,236,8,0,1,0,0,0,0,0,0,0,0,"-","-",119
"nuk spoons",33.3,18.2,11,1111,301,17,1.02,0.74,1.18,86,271,8,0,1,0,0,0,0,0,0,0,0,"-","-",120
"toddler spoons",26.8,23.5,374,823,3291,-4,1,0.7,1.18,200,4000,31,8,1,1,0,0,0,0,0,0,0,"-",3,120
"todler spoon",,,"-","-",0,"-",,,,51,4000,8,0,1,0,0,0,0,0,0,0,0,"-","-",120
"training spoon",,,"-",34,33,-34,,,,30,982,8,10,1,0,0,0,0,0,0,0,0,"-","-",121
"baby bottle spoon feeder",,,"-",122,122,-5,1.21,0.73,1.27,42,1000,8,0,1,0,0,0,0,0,0,0,0,"-","-",121
"pre spoon baby",,,7,175,122,54,1.16,0.87,1.28,72,699,8,0,1,1,1,0,0,0,0,0,0,55,12,121
"baby spoins",28.1,,3,38,227,7,1.16,1.09,1.23,114,6000,8,0,1,1,0,0,0,0,0,0,0,"-",6,121
"baby eating supplies",,,"-",8,69,20,1.25,0.89,1.53,65,9000,8,0,1,0,0,0,0,0,0,0,0,"-","-",122
"baby pouch spoon attachment",,,13,813,135,-30,1.14,0.79,1.44,111,166,8,0,1,0,0,0,0,0,0,0,0,"-","-",122
"silicone self feeder baby",,,"-","-",0,"-",,,,58,1000,8,0,1,0,0,0,0,0,0,0,0,"-","-",123
"baby puree spoon feeder",,,"-",89,76,40,,,,41,857,8,0,1,0,0,0,0,0,0,0,0,"-","-",123
"spoon teether for baby",,,"-","-",0,"-",,,,62,425,8,0,1,0,0,0,0,0,0,0,0,"-","-",125
"spoon case",23.3,,2,53,210,-7,1.1,0.81,1.39,101,4000,8,2,1,0,0,0,0,0,0,0,0,"-","-",126
"silver baby spoon",34.3,33.3,6,282,241,5,0.98,0.76,1.2,98,856,8,3,1,1,0,0,0,0,0,0,0,"-",13,126
"silicone feeder baby",40.3,29.6,27,61,488,2,0.89,0.72,1.07,125,8000,9,1,1,0,0,0,0,0,0,0,0,"-","-",127
"small silicone spoon",28.6,15,40,54,540,37,0.71,0.5,0.77,114,10000,9,4,1,0,1,0,0,0,0,0,0,45,"-",127
"todder spoon",,,"-","-",0,"-",,,,69,4000,8,0,1,0,0,0,0,0,0,0,0,"-","-",127
"non toxic baby utensils",,,"-",131,131,-6,,,,38,1000,8,0,1,0,0,0,0,0,0,0,0,"-","-",127
"teething spoon for babies 6-12 months",,,"-",265,61,-27,,,,16,230,8,0,1,0,0,0,0,0,0,0,0,"-","-",128
"self feeder baby",53.1,50,4,112,223,12,,,,0,2000,8,0,1,0,0,0,0,0,0,0,0,"-","-",129
"baby cutlery",27.7,37.5,8,97,291,21,1.15,0.91,1.32,93,3000,8,1,1,0,0,0,0,0,0,0,0,"-","-",129
"travel spoons",,,"-","-",0,"-",,,,55,10000,8,0,1,0,0,0,0,0,0,0,0,"-","-",129
"baby feeding spoon squeeze",,,"-",37,18,-38,,,,54,491,8,0,1,1,0,0,0,0,0,0,0,"-",4,131
"soft spoon",,,"-",2,20,-5,,,,74,10000,8,0,1,0,0,0,0,0,0,0,0,"-","-",131
"self feeding baby",,,"-","-",0,"-",,,,74,3000,8,3,1,0,0,0,0,0,0,0,0,"-","-",132
"baby sooons",34.4,9.5,21,54,323,14,1.24,0.85,1.57,118,6000,8,0,1,0,0,0,0,0,0,0,0,"-","-",132
"baby solid feeding essentials",24.6,,1,110,330,-5,0.99,0.73,1.07,128,3000,8,0,1,0,0,0,0,0,0,0,0,"-","-",132
"travel silicone baby feeding set",,,"-",26,26,7,,,,22,1000,8,6,1,0,0,0,0,0,0,0,0,"-","-",132
"bebes para baby shower",,,"-",164,126,-8,,,,90,766,8,0,1,0,0,0,0,0,0,0,0,"-","-",133
"butt spatula baby with case",,,17,930,147,-4,1,0.83,1.17,34,158,8,0,1,0,0,0,0,0,0,0,0,"-","-",133
"nuk utensils",,,"-",350,92,-17,,,,56,263,8,0,1,0,0,0,0,0,1,0,0,"-","-",134
"solid feeding accessories baby",,,"-",12,120,-1,0.76,0.63,0.95,62,10000,8,0,1,0,0,0,0,0,0,0,0,"-","-",134
"baby spoons",34.6,26.3,1304,4563,27380,-4,0.9,0.59,1.15,244,6000,65,24,1,1,0,0,0,0,1,0,0,"-",10,135
"baby first eating essentials",33.3,25,8,329,274,101,,,,98,832,8,0,1,0,0,0,0,0,0,0,0,"-","-",135
"numnum toddler utensils",,,"-",233,70,-34,,,,30,301,8,0,1,0,0,0,0,0,0,0,0,"-","-",135
"baby spoons and bowls 4+ months",,,"-",208,101,-43,,,,45,485,8,0,1,1,0,0,0,0,0,0,0,"-",10,135
"baby self feeder",48,33.3,3,59,176,1028,0.88,0.71,1.13,60,3000,8,0,1,0,0,0,0,0,0,0,0,"-","-",136
"travel essentials baby",21.4,,1,14,272,13,1.05,0.77,1.24,154,20000,8,0,1,0,0,0,0,0,0,0,0,"-","-",136
"baby spoon holder",,,"-",201,81,-34,0.61,0.52,0.86,49,402,8,0,1,0,0,0,0,0,0,0,0,"-","-",137
"infant feeding essentials",23.5,22.2,27,108,540,15,0.88,0.62,1.09,149,5000,9,0,1,1,1,0,0,0,0,0,0,37,4,137
"baby food spoon feeder 4 month old",,,"-","-",0,"-",,,,0,292,8,0,1,0,0,0,0,0,0,0,0,"-","-",137
"nuby spoons for baby",63.4,45.5,11,1592,269,5,0.8,0.61,0.93,95,169,8,0,1,1,0,0,0,0,0,0,0,"-",16,139
"baby led weaning",47.2,33.1,133,3064,3064,-1,0.9,0.62,1.22,228,1000,36,25,1,0,1,0,0,0,1,0,0,39,"-",140
"baby butt spatula",51,44,91,6402,1338,4,0.98,0.59,1.17,110,209,27,4,1,0,0,0,0,0,0,0,0,"-","-",140
"travel toddler utensils",,,"-",100,100,4,1.05,0.79,1.28,44,1000,8,0,1,0,0,0,0,0,0,0,0,"-","-",140
"musical spoon",63.6,66.7,6,280,280,65,,,,59,1000,8,1,1,0,0,0,0,0,0,0,0,"-","-",140
"silicone baby feeding",24.4,8.3,12,34,269,13,1.17,0.8,1.35,130,8000,8,23,1,0,0,0,0,0,0,0,0,"-","-",141
"nuk spoon",,,"-",240,52,-27,0.83,0.59,0.95,20,217,8,0,1,0,0,0,0,0,0,0,0,"-","-",142
"spoon for toddlers 1-3 self feeding",,,"-",97,62,-13,,,,38,640,8,0,1,0,0,0,0,0,0,0,0,"-","-",142
"puree spoon",,,"-",163,101,-23,,,,23,620,8,0,1,0,0,0,0,0,0,0,0,"-","-",143
"baby spoon holder strap",63.4,20,10,618,270,23,0.65,0.5,0.71,75,437,8,0,1,0,0,0,0,0,0,0,0,"-","-",143
"baby food utensils set",,,"-",39,117,-39,,,,79,3000,8,0,1,0,0,0,0,0,0,0,0,"-","-",144
"feeding baby essentials",33.3,14.3,7,31,248,9,0.92,0.73,1.1,128,8000,8,0,1,0,0,0,0,0,0,0,0,"-","-",144
"safety first baby kit",54.7,41.7,12,642,642,-31,0.84,0.7,1.05,150,1000,10,0,1,0,0,0,0,0,0,0,0,"-","-",145
"travel baby feeding set",,,"-",34,101,-27,,,,59,3000,8,0,1,0,0,0,0,0,0,0,0,"-","-",145
"baby eating essentials 6-12 months",,,"-",407,157,-17,,,,26,386,8,0,1,0,0,0,0,0,0,0,0,"-","-",145
"baby fruit scraping spoon",,,"-",240,50,-7,1.15,0.74,1.26,26,208,8,0,1,0,0,0,0,0,0,0,0,"-","-",146
"feeding supplies for 6-12 month baby",,,"-",265,143,32,,,,24,540,8,0,1,0,0,0,0,0,0,0,0,"-","-",146
"infant utensils",30.5,28.6,7,160,319,24,1.34,0.97,1.55,143,2000,8,2,1,0,0,0,0,0,0,0,0,"-","-",147
"silicone baby fork",,,"-",38,34,17,,,,27,902,8,0,1,0,0,0,0,0,0,0,0,"-","-",147
"first utensils",,,"-","-",0,"-",,,,92,8000,8,0,1,0,0,0,0,0,0,0,0,"-","-",148
"color changing baby spoons",,,"-","-",0,"-",0.76,0.57,1.15,71,306,8,0,1,1,0,0,0,0,1,0,0,"-",11,148
"baby safety set",,,"-","-",0,"-",,,,72,40000,8,2,1,0,0,0,0,0,0,0,0,"-","-",149
"silicone baby feeders",,,"-","-",0,"-",,,,75,8000,8,0,1,0,0,0,0,0,0,0,0,"-","-",149
"1 year old feeding essentials",,,"-",308,160,9,,,,45,520,8,0,1,0,0,0,0,0,0,0,0,"-","-",149
"travel baby food essentials",,,"-",7,66,8,,,,48,10000,8,0,1,0,0,0,0,0,0,0,0,"-","-",149
"spatula baby",,,"-",601,161,289,,,,16,268,8,12,1,0,0,0,0,0,0,0,0,"-","-",150
"baby weaning",,,"-",77,154,-17,,,,89,2000,8,1,1,0,0,0,0,0,0,0,0,"-","-",151
"juego de alimentación de silicona para bebe",,,"-",22,11,-28,,,,45,505,8,0,1,0,0,0,0,0,0,0,0,"-","-",152
"toddler utensils travel",,,"-",153,153,3,,,,33,1000,8,0,1,0,0,0,0,0,0,0,0,"-","-",156
"kids utensil case",,,"-",141,118,-3,,,,32,839,8,0,1,0,0,0,0,0,0,0,0,"-","-",156
"baby silicone feeder",46.2,36.4,11,33,262,11,0.66,0.5,0.81,133,8000,8,0,1,0,0,0,0,0,0,0,0,"-","-",157
"baby utensils 18-24 months",,,"-",116,116,-27,0.71,0.54,1.03,96,1000,8,0,1,0,0,0,0,0,0,0,0,"-","-",157
"silicon baby feeder",,,"-","-",0,"-",,,,50,8000,8,0,1,0,0,0,0,0,0,0,0,"-","-",158
"baby forks silicone",32.1,14.3,7,231,201,46,,,,42,869,8,0,1,0,0,0,0,0,0,0,0,"-","-",158
"silicone baby feeder with holes",,,"-",13,13,-2,,,,40,1000,8,0,1,0,0,0,0,0,0,0,0,"-","-",158
"baby cereal feeder",,,"-","-",0,"-",,,,36,1000,8,0,1,0,0,0,0,0,0,0,0,"-","-",159
"baby eating utensils",16.2,9.5,21,184,367,39,0.96,0.71,1.2,124,2000,8,2,1,0,1,0,0,0,0,0,0,143,"-",160
"toddler travel utensils",,,2,147,147,-7,0.83,0.57,0.95,144,1000,8,0,1,0,0,0,0,0,0,0,0,"-","-",161
"nuby spoon set",,,"-",427,102,-30,,,,24,239,8,0,1,0,0,0,0,0,0,0,0,"-","-",161
"eating utensil kit",,,"-","-",0,"-",,,,64,10000,8,0,1,0,0,0,0,0,0,0,0,"-","-",162
"pacifier weaning kit",85.3,77.6,49,8496,1198,8,0.67,0.43,0.72,255,141,26,0,1,0,1,0,0,0,0,0,0,121,"-",162
"travel essentials for babies",,,"-",1,22,-67,0.89,0.77,1.07,54,20000,8,0,1,0,0,0,0,0,0,0,0,"-","-",162
"rsv baby essentials",46.7,30.8,13,1688,211,69,1.28,0.75,1.77,20,125,8,0,1,0,0,0,0,0,0,0,0,"-","-",162
"baby plate and spoon",,,"-",41,81,-14,,,,74,2000,8,0,1,0,0,0,0,0,1,0,0,"-","-",163
"cucharas para comer",33.3,28,107,11004,2619,3,0.85,0.52,1.11,341,238,27,0,1,0,0,0,0,0,0,0,0,"-","-",163
"baby essentials for travel",,,"-",4,86,-30,,,,37,20000,8,0,1,0,0,0,0,0,0,0,0,"-","-",163
"on the go utensils",,,"-",7,65,-43,,,,20,10000,8,0,1,0,0,0,0,0,0,0,0,"-","-",164
"utensils for babies",,,"-","-",0,"-",,,,79,7000,8,0,1,0,0,0,0,0,0,0,0,"-","-",164
"silicone spoons",20.7,13.3,98,140,1396,56,0.72,0.51,0.79,221,10000,28,7,1,0,0,0,0,0,0,0,0,"-","-",165
"baby feeder silicone",,,"-",15,119,35,,,,65,8000,8,0,1,0,0,0,0,0,0,0,0,"-","-",165
"new born",12.6,5.1,59,92,1842,23,0.57,0.33,0.68,352,20000,27,3,1,0,0,0,0,0,0,0,0,"-","-",165
"baby self feeding",26.3,,1,86,258,24,1.1,0.81,1.37,130,3000,8,0,1,0,1,0,0,0,0,0,0,131,"-",167
"baby food kit",,,"-",108,108,-25,,,,79,1000,8,0,1,0,0,0,0,0,0,0,0,"-","-",168
"first foods set",,,"-",10,97,-28,,,,79,10000,8,0,1,0,0,0,0,0,0,0,0,"-","-",168
"baby silicone feeding set 6 months",,,"-","-",0,"-",,,,12,858,8,0,1,0,0,0,0,0,0,0,0,"-","-",168
"baby eating",13.6,11.1,9,41,406,22,0.97,0.68,1.16,207,10000,8,2,1,0,0,0,0,0,0,0,0,"-","-",169
"silicone baby feeder",48.2,44.5,18,44,351,18,0.86,0.69,1.03,123,8000,8,1,1,0,0,0,0,0,0,0,0,"-","-",170
"learning spoons for toddlers",,,"-",22,22,-52,,,,76,1000,8,0,1,1,0,0,0,0,0,0,0,"-",9,172
"baby fork and spoon set self feeding",,,"-",114,114,-28,,,,60,1000,8,0,1,0,0,0,0,0,0,0,0,"-","-",172
"baby weaning set",29.2,14.3,7,1867,295,26,0.91,0.59,1.08,88,158,8,3,1,0,0,0,0,0,0,0,0,"-","-",173
"baby led weaning food",,,"-",112,112,-15,,,,42,1000,8,1,1,0,0,0,0,0,0,0,0,"-","-",174
"baby utensils",21.9,19.6,275,697,4878,6,0.84,0.56,1.11,311,7000,31,3,1,0,0,0,0,0,0,0,0,"-","-",175
"eating spoons",,,"-",13,133,-10,,,,85,10000,8,0,1,0,0,0,0,0,0,0,0,"-","-",175
"personalized feeding set for baby",47.3,,1,1020,311,24,,,,76,305,8,0,1,0,0,0,0,0,0,0,0,"-","-",175
"munchkin spoon and fork",57.5,50,14,1019,265,20,0.5,0.3,0.74,91,260,8,0,1,0,0,0,0,0,0,0,0,"-","-",176
"baby utensil",25.8,28.6,7,32,222,13,1.15,0.71,1.41,85,7000,8,0,1,0,1,0,0,0,0,0,0,47,"-",176
"travel essentials for infants",,,"-",2,18,-56,,,,32,10000,8,0,1,0,0,0,0,0,0,0,0,"-","-",176
"baby spoons and forks",22.2,16.7,54,294,881,20,0.94,0.76,1.16,151,3000,12,4,1,0,0,0,0,0,0,0,0,"-","-",178
"baby spoon and bowl",,,"-",70,140,-16,,,,65,2000,8,0,1,0,0,0,0,0,0,0,0,"-","-",178
"dishwasher safe utensils",,,"-",3,82,50,,,,65,30000,8,0,1,0,0,0,0,0,0,0,0,"-","-",180
"baby utensil set",,,1,27,137,3,0.9,0.79,1.09,105,5000,8,0,1,0,0,0,0,0,0,0,0,"-","-",180
"baby spork",,,"-",362,138,10,,,,61,381,8,0,1,0,0,0,0,0,0,0,0,"-","-",180
"first feeding set",,,"-","-",0,"-",,,,53,6000,8,2,1,0,0,0,0,0,0,0,0,"-","-",181
"para bebe",11.8,,1,180,360,21,0.78,0.6,1.12,141,2000,8,0,1,0,0,0,0,0,0,0,0,"-","-",181
"baby spoons and bowls",33.5,16.1,56,441,881,5,0.91,0.67,0.97,169,2000,12,0,1,1,0,0,0,0,1,0,0,"-",14,182
"infant spoons and bowls",,,"-","-",0,"-",,,,60,1000,8,0,1,0,0,0,0,0,0,0,0,"-","-",182
"baby feeding set 6-12 months",44.4,16.7,6,194,194,-17,0.96,0.71,1.25,148,1000,8,0,1,0,0,0,0,0,0,0,0,"-","-",182
"utensils for baby",34.6,66.7,3,25,178,75,,,,119,7000,8,2,1,0,0,0,0,0,0,0,0,"-","-",184
"toddler utensil",29.7,25,12,50,250,17,1.14,0.9,1.23,122,5000,8,0,1,1,1,0,0,0,0,0,0,46,14,184
"mesh feeders for babies",64.2,68.2,22,364,364,5,0.65,0.45,0.79,101,1000,8,0,1,0,0,0,0,0,0,0,0,"-","-",184
"large silicone spoon",33.3,25,8,21,213,39,0.86,0.58,0.99,65,10000,8,0,1,0,0,0,0,0,0,0,0,"-","-",188
"toddler utensils 1 year old",35.6,23.5,149,3191,1570,10,0.97,0.73,1.25,226,492,26,0,1,0,0,0,0,0,0,0,0,"-","-",188
"baby led weaning set",20.5,16.7,6,308,262,15,1.09,0.61,1.17,122,852,8,1,1,0,0,0,0,0,0,0,0,"-","-",188
"dreambaby essential 10 piece grooming kit",,,"-",171,98,-29,,,,4,572,8,0,1,0,0,0,0,0,0,0,0,"-","-",188
"baby's first feeding set",,,3,46,137,142,,,,97,3000,8,0,1,0,0,0,0,0,0,0,0,"-","-",188
"utensils for toddlers",26.7,15.8,19,57,283,57,1.04,0.8,1.44,113,5000,8,1,1,0,0,0,0,0,0,0,0,"-","-",189
"nuk forks",90,75,8,1439,213,-7,0.68,0.59,0.79,61,148,8,0,1,0,0,0,0,0,0,0,0,"-","-",189
"cuchara",22.2,25,4,97,193,27,,,,72,2000,8,0,1,0,0,0,0,0,0,0,0,"-","-",189
"eating utensils to go",,,"-","-",0,"-",,,,81,3000,8,0,1,0,0,0,0,0,0,0,0,"-","-",190
"to go utensils",32.1,44.4,9,20,195,20,,,,93,10000,8,2,1,0,0,0,0,0,0,0,0,"-","-",190
"new born gift",12.7,14.7,34,50,496,40,0.89,0.69,1.21,163,10000,9,0,1,0,0,0,0,0,0,0,0,"-","-",190
"nuk toddler utensils",,,"-","-",0,"-",,,,32,697,8,0,1,0,0,0,0,0,0,0,0,"-","-",193
"baby spoon and fork",23.1,25.9,27,116,347,19,0.93,0.75,1.2,86,3000,8,1,1,0,0,0,0,0,0,0,0,"-","-",195
"baby eating kit",,,"-","-",0,"-",,,,58,453,8,0,1,0,0,0,0,0,0,0,0,"-","-",195
"baby dishes and utensils",,,"-",15,45,-15,1.08,0.79,1.4,75,3000,8,0,1,0,0,0,0,0,0,0,0,"-","-",195
"silicon spoon",19.6,20,20,37,367,39,0.81,0.6,0.9,108,10000,8,0,1,0,0,0,0,0,0,0,0,"-","-",195
"baby food net feeder",,,"-",12,12,-48,,,,61,1000,8,0,1,0,0,0,0,0,0,0,0,"-","-",195
"boon baby led weaning kit",,,"-",1118,85,-32,,,,12,76,8,0,1,0,0,0,0,0,0,0,0,"-","-",195
"baby net feeder",,,"-",35,35,-30,,,,28,1000,8,0,1,0,0,0,0,0,0,0,0,"-","-",196
"first food set for baby",32.4,30,10,30,238,107,1.17,0.92,1.5,50,8000,8,0,1,0,0,0,0,0,0,0,0,"-","-",196
"travel utensils for kids",,,"-",57,113,-29,0.8,0.65,0.95,124,2000,8,0,1,0,0,0,0,0,0,0,0,"-","-",197
"silicone spoon",17.4,13.8,94,313,3127,39,0.7,0.45,0.82,273,10000,30,6,1,0,1,0,0,0,0,0,0,13,"-",198
"month supply",,,"-","-",0,"-",,,,93,70000,8,0,1,0,0,0,0,0,0,0,0,"-","-",198
"infant bowls and spoons first stage",,,"-",295,126,3,1.03,0.74,1.23,68,427,8,0,1,0,0,0,0,0,0,0,0,"-","-",198
"baby travel kit",40,16.7,6,67,268,6,0.84,0.7,1.1,122,4000,8,0,1,0,0,0,0,0,0,0,0,"-","-",199
"toddler chain",36.9,,1,82,328,33,0.77,0.6,0.95,112,4000,8,0,1,0,0,0,0,0,0,0,0,"-","-",199
"panda ear silicone baby bibs",81.1,66.7,12,2798,305,5,0.82,0.61,1.19,65,109,8,0,1,0,0,0,0,0,0,0,0,"-","-",199
"frida baby pacifier weaning system",100,87.5,12,699,689,48,0.65,0.54,1.21,25,985,10,0,1,0,0,0,0,0,0,0,0,"-","-",199
"baby forks and spoons 18-24 months",,,"-",249,88,-41,,,,41,353,8,0,1,0,0,0,0,0,0,0,0,"-","-",199
"baby food essentials 6-12 months",23.2,33.3,6,455,351,13,0.85,0.72,1.23,117,771,8,0,1,0,0,0,0,0,0,0,0,"-","-",200
"baby spoon and bowl set",37.2,42.9,7,278,278,12,0.98,0.7,1.29,127,1000,8,0,1,0,0,0,0,0,0,0,0,"-","-",201
"silicone baby food feeder",37.5,6.3,16,53,265,2,0.75,0.51,0.87,105,5000,8,2,1,0,0,0,0,0,0,0,0,"-","-",201
"baby safe",,,"-",1,75,-34,1.1,0.85,1.24,90,100000,8,0,1,0,0,0,0,0,0,0,0,"-","-",202
"baby medicine kit",65.5,35.1,74,2938,2635,-11,0.93,0.61,1.18,221,897,28,1,1,0,0,0,0,0,0,0,0,"-","-",203
"moonkie baby feeding set",52.1,14.3,49,883,586,52,0.65,0.53,0.81,89,664,9,0,1,0,0,0,0,0,0,0,0,"-","-",203
"utensil case",27.6,15.8,19,54,434,-7,0.6,0.42,0.76,153,8000,8,5,1,0,0,0,0,0,0,0,0,"-","-",204
"baby silverware",26.3,19.1,131,283,2261,7,0.93,0.67,1.19,237,8000,27,1,1,0,1,0,0,0,0,0,0,234,"-",204
"omie box accessories",31.3,13.1,61,7921,1204,-32,0.64,0.43,0.9,83,152,26,0,1,0,0,0,0,0,0,0,0,"-","-",204
"baby feeders fruit silicone",,,"-",23,16,-45,,,,45,704,8,0,1,0,0,0,0,0,0,0,0,"-","-",204
"baby bowl and spoon set",38.1,27.3,22,327,327,14,0.89,0.72,0.94,146,1000,8,3,1,0,0,0,0,0,0,0,0,"-","-",205
"baby fork and spoon 12-18 months",,,"-",102,43,-34,,,,43,422,8,0,1,0,0,0,0,0,1,0,0,"-","-",205
"baby food net mesh feeder",75.7,69.2,13,2209,254,-4,0.94,0.61,1.06,68,115,8,0,1,0,0,0,0,0,0,0,0,"-","-",206
"baby shower utensils",,,"-",33,98,17,,,,24,3000,8,0,1,0,0,0,0,0,0,0,0,"-","-",207
"baby medicine essentials",38.5,20,20,321,641,-9,1.2,0.81,1.62,210,2000,10,0,1,0,0,0,0,0,0,0,0,"-","-",207
"baby bowls and spoons",32.8,26.6,64,518,1035,2,0.89,0.62,0.99,220,2000,25,0,1,1,0,0,0,0,0,0,0,"-",3,208
"baby spatula butt",,,"-",370,78,23,0.97,0.73,1.47,34,211,8,0,1,0,0,0,0,0,0,0,0,"-","-",208
"munchkin forks",59.5,41.4,29,2041,347,9,0.78,0.53,1.07,119,170,8,0,1,0,0,0,0,0,0,0,0,"-","-",209
"baby feeding",13.9,9.5,21,81,1628,-1,0.7,0.51,0.89,241,20000,30,13,1,0,1,0,0,0,0,0,0,32,"-",210
"new born baby essentials",20.7,,1,178,355,21,0.69,0.54,0.92,179,2000,8,0,1,0,0,0,0,0,0,0,0,"-","-",210
"silicon baby feeding set",,,"-",15,46,100,,,,42,3000,8,0,1,0,0,0,0,0,0,0,0,"-","-",210
"lalo first bites silicone baby feeding set",92.3,85.7,7,239,182,31,0.71,0.64,0.95,71,763,8,0,1,0,0,0,0,0,0,0,0,"-","-",210
"baby safety products",23.4,15,140,29,2341,-14,1.17,0.89,1.71,355,80000,27,1,1,0,0,0,0,0,0,0,0,"-","-",211
"infant bowls and spoons",,,"-",130,130,15,,,,56,1000,8,0,1,0,0,0,0,0,0,0,0,"-","-",211
"utensils with case",,,"-",5,40,-32,,,,12,8000,8,19,1,0,0,0,0,0,0,0,0,"-","-",211
"medicine spoons",,,"-",190,147,-10,,,,22,772,8,2,1,0,0,0,0,0,0,0,0,"-","-",211
"baby forks for self feeding",28.7,15.9,44,488,488,9,0.84,0.67,1.12,106,1000,9,3,1,0,0,0,0,0,0,0,0,"-","-",211
"baby safety essentials",,,"-",5,107,-23,1.01,0.73,1.15,39,20000,8,1,1,0,0,0,0,0,0,0,0,"-","-",211
"baby led weaning cup",56,20,5,176,176,-13,0.85,0.64,1.06,79,1000,8,1,1,0,0,0,0,0,0,0,0,"-","-",212
"baby first bowl set",,,"-","-",0,"-",,,,41,838,8,0,1,0,1,0,0,0,0,0,0,201,"-",213
"travel utensils with case",32.8,21.3,178,2058,4116,23,0.7,0.49,0.87,220,2000,33,12,1,0,0,0,0,0,0,0,0,"-","-",214
"mesh food feeder baby",66,60,10,299,299,22,0.71,0.48,0.78,88,1000,8,0,1,0,0,0,0,0,0,0,0,"-","-",214
"moss and fawn baby feeder",69.7,25.7,35,487,487,-29,0.69,0.59,0.97,66,1000,9,0,1,0,0,0,0,0,0,0,0,"-","-",214
"self made chain",,,"-",8,58,-4,,,,27,7000,8,0,1,0,0,0,0,0,0,0,0,"-","-",214
"silicone baby feeding set",18.5,7.6,172,822,3289,14,0.85,0.53,1.01,202,4000,38,30,1,0,1,0,0,0,0,0,0,36,"-",215
"utensil travel case",40.9,14.3,7,93,278,-1,0.62,0.45,0.82,97,3000,8,0,1,0,0,0,0,0,0,0,0,"-","-",216
"medicine spoon",50.9,52.9,34,715,434,-14,0.6,0.46,0.77,123,607,8,22,1,0,0,0,0,0,0,0,0,"-","-",216
"silicone fruit feeder for babies",,,8,234,159,84,0.85,0.75,1.03,58,680,8,0,1,0,0,0,0,0,0,0,0,"-","-",216
"loulou lollipop silicone bib",70.2,38.9,18,376,289,7,1.02,0.8,1.36,58,768,8,0,1,0,0,0,0,0,0,0,0,"-","-",217
"baby silverware set 6-12 months",24.5,15.4,13,796,297,13,1.1,0.76,1.32,113,373,8,0,1,0,0,0,0,0,0,0,0,"-","-",217
"baby food supplies",27.3,50,4,7,283,5,,,,166,40000,8,0,1,0,0,0,0,0,0,0,0,"-","-",218
"baby food feeder",31.2,13.5,89,139,1390,20,0.66,0.49,0.9,214,10000,29,11,1,0,0,0,0,0,0,0,0,"-","-",219
"breast weaning",,,"-",81,81,46,,,,29,1000,8,0,1,0,0,0,0,0,0,0,0,"-","-",219
"infant travel essentials",20.2,15.8,19,49,488,-8,0.76,0.62,0.99,140,10000,9,0,1,0,0,0,0,0,0,0,0,"-","-",221
"fruit baby feeder",48.5,33.3,9,116,231,5,1.09,0.92,1.43,117,2000,8,0,1,0,0,0,0,0,0,0,0,"-","-",222
"baby eating supplies set",,,"-",5,19,7,,,,82,4000,8,0,1,0,0,0,0,0,0,0,0,"-","-",224
"para bebes",25.7,,1,168,336,22,0.73,0.55,1.1,173,2000,8,0,1,0,0,0,0,0,0,0,0,"-","-",224
"baby that eats",38.2,,1,80,240,212,,,,42,3000,8,0,1,0,0,0,0,0,0,0,0,"-","-",224
"baby feeding set",20.6,3.3,150,329,3289,12,0.81,0.47,1.04,268,10000,38,30,1,0,1,0,0,0,0,0,0,42,"-",225
"baby eating set",19,7.4,27,107,641,56,0.91,0.68,1.15,148,6000,10,0,1,1,0,0,0,0,0,0,0,"-",3,225
"toddler forks for self feeding",,,"-","-",0,"-",,,,48,927,8,1,1,0,0,0,0,0,0,0,0,"-","-",225
"new born essential",,,"-",13,50,-44,0.71,0.45,0.98,95,4000,8,0,1,0,0,0,0,0,0,0,0,"-","-",226
"baby new born essentials",29.3,33.3,3,135,270,8,0.73,0.59,0.76,132,2000,8,0,1,0,0,0,0,0,0,0,0,"-","-",226
"silicone baby plates and bowls set",,,"-",135,130,52,,,,49,960,8,0,1,0,0,0,0,0,0,0,0,"-","-",227
"baby first meal set",,,"-","-",0,"-",,,,45,1000,8,0,1,0,0,0,0,0,0,0,0,"-","-",229
"baby feeding essentials newborn",20.7,12.5,16,567,1702,49,0.64,0.49,0.89,285,3000,26,0,1,0,0,0,0,0,0,0,0,"-","-",229
"baby 6 months+ essentials",13.6,22.2,9,36,356,36,0.74,0.6,1.08,148,10000,8,0,1,0,0,0,0,0,0,0,0,"-","-",229
"artículos para bebés",,,"-",288,95,-25,0.67,0.54,0.87,34,330,8,0,1,0,0,0,0,0,0,0,0,"-","-",229
"utensil set with case",,,"-",18,70,-12,,,,28,4000,8,1,1,0,0,0,0,0,0,0,0,"-","-",230
"utensils eating",41.3,40,5,29,285,32,1.49,1.06,1.95,133,10000,8,0,1,0,0,0,0,0,0,0,0,"-","-",230
"baby plates and spoons",50,66.7,6,101,202,59,,,,64,2000,8,0,1,0,0,0,0,0,0,0,0,"-","-",230
"pandaear silicone baby feeding set",34.5,15.8,57,2368,540,15,0.8,0.6,0.97,125,228,9,0,1,0,0,0,0,0,0,0,0,"-","-",230
"infant medicine essentials",42.3,25,4,473,182,-14,0.94,0.59,1.59,88,385,8,0,1,0,0,0,0,0,0,0,0,"-","-",230
"on the go baby essentials",22.5,33.3,3,27,265,10,0.91,0.67,1.23,164,10000,8,0,1,0,0,0,0,0,0,0,0,"-","-",231
"eating utinsils",,,"-","-",0,"-",,,,71,10000,8,0,1,0,0,0,0,0,0,0,0,"-","-",232
"newborn medicine essentials",51.3,11.8,17,1678,688,-10,1.28,0.92,1.88,123,410,10,0,1,0,0,0,0,0,0,0,0,"-","-",232
"scrap baby",96.8,83.3,6,13563,217,4,,,,33,16,8,0,1,0,0,0,0,0,0,0,0,"-","-",233
"complete bpa free feeding set",,,"-","-",0,"-",,,,85,1000,8,1,1,0,0,0,0,0,0,0,0,"-","-",233
"baby essentials list",,,"-",155,155,60,,,,99,1000,8,0,1,0,0,0,0,0,0,0,0,"-","-",234
"moonkie baby food feeder",83.3,54.5,"-","-",246,"-",,,,0,0,8,0,1,0,0,0,0,0,0,0,0,"-","-",234
"travel eating utensils sets",21.9,28.6,7,112,223,13,,,,129,2000,8,0,1,0,0,0,0,0,0,0,0,"-","-",235
"baby fruit feeder",40.9,30.9,230,2760,2760,5,0.86,0.65,1.06,197,1000,32,15,1,0,0,0,0,0,0,0,0,"-","-",236
"moss and fawn baby feeder ice tray",,,"-",124,75,-47,1.06,0.63,1.17,25,605,8,0,1,0,0,0,0,0,0,0,0,"-","-",236
"baby cases",,,"-",2,64,4,,,,61,30000,8,0,1,0,0,0,0,0,0,0,0,"-","-",237
"baby cereal feeder bottle with plunger",,,"-",1871,116,-19,,,,19,62,8,0,1,0,0,0,0,0,0,0,0,"-","-",238
"baby travel pack",,,"-","-",0,"-",,,,76,100000,8,0,1,0,0,0,0,0,0,0,0,"-","-",238
"1 year old eating utensils",,,"-","-",0,"-",,,,76,597,8,0,1,0,0,0,0,0,0,0,0,"-","-",238
"babies eating",,,"-","-",0,"-",,,,61,20000,8,1,1,0,0,0,0,0,0,0,0,"-","-",239
"silverware travel case",26.5,,2,236,236,-1,0.56,0.45,0.7,89,1000,8,0,1,0,0,0,0,0,0,0,0,"-","-",240
"newborn medicine kit",83.3,100,4,876,211,"-",0.9,0.69,1.14,77,241,8,0,1,0,0,0,0,0,0,0,0,"-","-",240
"baby shusher munchkin",,,"-","-",0,"-",,,,34,543,8,0,1,0,0,0,0,0,0,0,0,"-","-",241
"flutter spoon",31.6,36.4,11,267,257,23,0.57,0.42,0.81,108,961,8,38,1,0,0,0,0,0,0,0,0,"-","-",241
"travel utensils with case kids",,,"-",12,98,-34,0.77,0.6,0.89,35,8000,8,0,1,0,0,0,0,0,0,0,0,"-","-",241
"travel silverware case",38.9,16.7,6,245,245,-3,0.61,0.48,0.8,100,1000,8,1,1,0,0,0,0,0,0,0,0,"-","-",242
"baby spoons and bowls boy",,,"-",17,17,23,,,,64,1000,8,0,1,0,0,0,0,0,0,0,0,"-","-",243
"newborn essentials list",12.1,,1,390,316,65,0.81,0.72,1.09,117,811,8,0,1,0,0,0,0,0,0,0,0,"-","-",243
"silicone spoon handle",,,"-","-",0,"-",,,,49,6000,8,0,1,0,0,0,0,0,0,0,0,"-","-",244
"baby led weaning accessories",,,"-","-",0,"-",,,,73,1000,8,0,1,0,0,0,0,0,0,0,0,"-","-",244
"travel eating utensils",,,"-",41,123,-19,,,,87,3000,8,0,1,0,0,0,0,0,0,0,0,"-","-",244
"haaka feeder",,,"-",759,151,96,,,,51,199,8,0,1,0,0,0,0,0,0,0,0,"-","-",244
"nutribullet baby storage cups",,,"-",455,56,-43,,,,29,123,8,0,1,0,0,0,0,0,0,0,0,"-","-",244
"baby list essentials",,,"-",43,86,-26,,,,27,2000,8,0,1,0,0,0,0,0,0,0,0,"-","-",245
"munchkin fork and spoon",,,"-",500,138,-12,,,,61,276,8,0,1,0,0,0,0,0,0,0,0,"-","-",246
"nuk fork and spoon set",,,"-","-",0,"-",,,,88,267,8,0,1,0,0,0,0,0,0,0,0,"-","-",246
"travel spoon and fork set with case",23.5,41.7,12,300,300,17,0.88,0.64,0.97,100,1000,8,0,1,0,0,0,0,0,0,0,0,"-","-",247
"to go fork and spoon set",,,"-",64,128,-6,,,,72,2000,8,0,1,0,0,0,0,0,0,0,0,"-","-",247
"new born baby essential",,,"-",6,22,-19,0.62,0.47,1.12,78,4000,8,0,1,0,0,0,0,0,0,0,0,"-","-",247
"newborn essentials must haves list",16.7,33.3,3,435,273,-6,0.82,0.71,1.14,153,627,8,0,1,0,0,0,0,0,0,0,0,"-","-",247
"spoon toddler",,,"-","-",0,"-",,,,69,4000,8,0,1,0,0,0,0,0,0,0,0,"-","-",249
"baby travel essentials",15.9,10.5,19,34,689,26,0.68,0.54,1,168,20000,10,0,1,0,0,0,0,0,0,0,0,"-","-",249
"utensils baby",,,"-",16,115,-20,,,,64,7000,8,0,1,0,0,0,0,0,0,0,0,"-","-",250
"toddler eating supplies",,,"-","-",0,"-",1.01,0.76,1.3,83,4000,8,0,1,0,0,0,0,0,0,0,0,"-","-",250
"2 pack silicone baby fruit feeder",86.2,64.3,14,850,209,11,,,,60,246,8,2,1,0,0,0,0,0,0,0,0,"-","-",250
"baby food bowls and spoons",44,25,4,176,176,-18,,,,43,1000,8,0,1,0,0,0,0,0,0,0,0,"-","-",252
"silicone feeders",,,"-","-",0,"-",,,,82,10000,8,1,1,0,0,0,0,0,0,0,0,"-","-",253
"infant silverware",33.3,23.1,13,284,284,20,1.39,1.06,1.68,102,1000,8,0,1,0,0,0,0,0,0,0,0,"-","-",253
"travel silverware kids",,,"-",3,95,-33,,,,44,30000,8,0,1,0,0,0,0,0,0,0,0,"-","-",253
"baby silverware self feeding",,,"-",68,55,-51,,,,82,808,8,0,1,0,0,0,0,0,0,0,0,"-","-",253
"toddler eating essentials",20.7,25.5,51,400,1200,14,0.78,0.57,1.09,323,3000,26,0,1,0,0,0,0,0,0,0,0,"-","-",253
"toddler feeding supplies",16,9.1,11,90,540,-31,0.76,0.55,0.95,256,6000,9,3,1,0,0,0,0,0,0,0,0,"-","-",255
"baby spatula",37.3,40.9,22,1128,352,8,0.87,0.63,1.18,109,312,8,0,1,0,0,0,0,0,0,0,0,"-","-",256
"small silicone spoons",31.4,22.2,9,24,241,33,,,,49,10000,8,9,1,0,0,0,0,0,0,0,0,"-","-",256
"stainless steel baby spoons for infants",46.3,36.4,11,377,268,25,,,,145,710,8,0,1,1,0,0,0,0,0,0,0,"-",27,256
"baby spoons metal",40.3,50,16,353,315,21,0.73,0.63,1,120,893,8,0,1,1,0,0,0,0,0,0,0,"-",23,257
"silicone spoon set",18.1,26.3,19,77,540,61,0.81,0.67,0.99,112,7000,9,1,1,0,0,0,0,0,0,0,0,"-","-",257
"baby spoon and fork set 1 year old",42.3,22.2,9,380,186,28,,,,71,489,8,0,1,0,0,0,0,0,0,0,0,"-","-",257
"travel feeding set baby",,,"-",22,65,-57,,,,49,3000,8,0,1,0,0,0,0,0,0,0,0,"-","-",257
"set de cucharas",,,"-",152,152,53,,,,39,1000,8,0,1,0,0,0,0,0,0,0,0,"-","-",258
"spoon for toddlers 1-3",35.5,40,10,217,217,"-",0.81,0.7,1.27,122,1000,8,0,1,0,0,0,0,0,0,0,0,"-","-",258
"plastic spoon for baby",,,10,33,132,423,,,,58,4000,8,0,1,1,0,0,0,0,0,0,0,"-",16,258
"baby silverware silicone",,,"-","-",0,"-",,,,67,864,8,0,1,0,0,0,0,0,1,0,0,"-","-",259
"silicone spoons for eating",40.5,42.1,19,176,352,18,0.6,0.5,0.89,126,2000,8,1,1,0,0,0,0,0,0,0,0,"-","-",259
"baby food pacifier feeder",38.9,25.6,39,488,488,2,0.68,0.5,0.86,95,1000,9,0,1,0,0,0,0,0,0,0,0,"-","-",260
"silicone feeding set",18.4,14.3,7,49,295,30,0.87,0.64,1,117,6000,8,5,1,0,0,0,0,0,0,0,0,"-","-",260
"silicon spoons",22.9,35.3,17,29,292,36,,,,142,10000,8,0,1,0,0,0,0,0,0,0,0,"-","-",260
"baby utensils set",22.1,18.2,11,87,433,31,1.02,0.69,1.18,138,5000,8,0,1,0,0,0,0,0,0,0,0,"-","-",262
"travel safety essentials",22.9,,1,6,241,38,0.88,0.68,1.14,128,40000,8,1,1,0,0,0,0,0,0,0,0,"-","-",262
"oxo baby bowl",,,"-",235,39,37,,,,71,166,8,0,1,0,0,0,0,0,0,0,0,"-","-",264
"baby bullet containers",44.8,20,5,1742,209,-1,0.81,0.61,1.14,30,120,8,1,1,0,0,0,0,0,0,0,0,"-","-",265
"pouch spoons",,,"-",107,107,-33,,,,77,1000,8,1,1,0,0,0,0,0,0,0,0,"-","-",265
"big spoons for eating",25,,1,25,250,10,,,,90,10000,8,0,1,0,0,0,0,0,0,0,0,"-","-",265
"infant food essentials",32.4,,1,47,237,17,,,,90,5000,8,0,1,0,0,0,0,0,0,0,0,"-","-",266
"silicone feeder",40,13.6,22,36,364,7,0.64,0.53,0.89,146,10000,8,13,1,0,0,0,0,0,0,0,0,"-","-",267
"kids utensils with case",,,"-",56,56,-58,0.77,0.66,1.1,74,1000,8,0,1,0,0,0,0,0,0,0,0,"-","-",267
"silicone feeding set for baby",20.8,14.3,14,122,487,21,0.94,0.61,1.11,150,4000,9,1,1,0,0,0,0,0,0,0,0,"-","-",267
"toddler spoons and forks 1 year old",21,11.5,26,563,367,-7,0.96,0.71,1.17,110,652,8,0,1,0,0,0,0,0,0,0,0,"-","-",267
"silocone spoons",,,"-",16,159,43,,,,88,10000,8,0,1,0,0,0,0,0,0,0,0,"-","-",268
"travel spoon",21.1,35.7,14,34,338,16,0.65,0.51,0.82,130,10000,8,2,1,0,0,0,0,0,0,0,0,"-","-",268
"new born essentials",14.6,8.3,12,241,1204,15,0.67,0.45,0.96,354,5000,26,2,1,0,0,0,0,0,0,0,0,"-","-",268
"spoon for toddler",,,"-",14,57,-47,,,,75,4000,8,0,1,0,0,0,0,0,0,0,0,"-","-",269
"baby spoons and forks set",,,5,71,142,118,,,,86,2000,8,1,1,0,0,0,0,0,0,0,0,"-","-",270
"kids utensil set with case",,,"-",222,154,-18,0.72,0.55,0.83,32,695,8,1,1,0,0,0,0,0,0,0,0,"-","-",270
"utensils to go",48.5,30,10,23,229,19,,,,72,10000,8,0,1,0,0,0,0,0,0,0,0,"-","-",271
"baby forks and spoons",23.6,18.2,88,341,1022,10,0.88,0.66,1.16,241,3000,26,1,1,1,0,0,0,0,0,0,0,"-",16,271
"silicone toddler utensils",43.3,28.6,7,105,210,9,0.82,0.76,1.13,84,2000,8,1,1,0,0,0,0,0,0,0,0,"-","-",271
"baby cutlery set",20.6,,2,112,335,19,0.97,0.75,1.08,161,3000,8,0,1,0,0,0,0,0,0,0,0,"-","-",271
"baby girl eating essentials",40,50,2,245,245,117,,,,101,1000,8,0,1,0,0,0,0,0,0,0,0,"-","-",271
"toddler eating utensils",30.5,21.2,52,271,542,42,0.96,0.69,1.2,134,2000,9,1,1,0,0,0,0,0,0,0,0,"-","-",272
"baby silicone feeding",,,"-","-",0,"-",,,,69,8000,8,0,1,0,0,0,0,0,0,0,0,"-","-",274
"silicone forks baby",30.6,30,10,277,246,-5,1.15,0.85,1.38,123,889,8,0,1,0,0,0,0,0,0,0,0,"-","-",274
"disposable baby spoons",,,6,74,148,-13,1.2,0.82,1.22,99,2000,8,0,1,0,1,0,0,0,0,0,0,197,"-",275
"grip spoon baby",,,"-",114,114,-12,,,,31,1000,8,0,1,0,0,0,0,0,0,0,0,"-","-",275
"eating utensils",23.4,11.9,42,64,642,14,1.4,0.98,1.77,145,10000,10,2,1,0,0,0,0,0,0,0,0,"-","-",276
"baby feeder",31.4,29.9,97,70,1393,14,0.88,0.66,1.05,244,20000,27,3,1,0,0,0,0,0,0,0,0,"-","-",277
"baby feeding kit",,,"-","-",0,"-",,,,45,2000,8,0,1,0,0,0,0,0,0,0,0,"-","-",277
"baby feeding essentials",17.7,7.8,293,839,6713,"-",0.71,0.49,1.08,373,8000,32,0,1,0,0,0,0,0,1,0,0,"-","-",278
"complete bpa free feeding",,,"-",27,80,-35,,,,42,3000,8,1,1,0,0,0,0,0,0,0,0,"-","-",278
"training spoons for toddlers",,,4,165,138,23,,,,53,834,8,0,1,0,0,0,0,0,0,0,0,"-","-",279
"silicone baby fruit feeder",51.7,35.7,14,316,316,29,0.88,0.73,1.07,111,1000,8,4,1,0,0,0,0,0,0,0,0,"-","-",279
"silicone feeder for infants",,,"-","-",0,"-",0.76,0.59,0.87,62,6000,8,0,1,0,0,0,0,0,0,0,0,"-","-",280
"forks and spoons for toddlers 1-3",34.2,13.3,15,306,270,22,1.03,0.78,1.39,114,883,8,0,1,0,0,0,0,0,0,0,0,"-","-",281
"spoon and fork for toddlers 1-3",33.3,18.2,11,271,229,17,0.85,0.69,0.94,66,845,8,0,1,0,0,0,0,0,0,0,0,"-","-",282
"baby forks",32.1,31.5,241,503,2513,-2,0.87,0.63,1.07,221,5000,29,6,1,0,0,0,0,0,1,0,0,"-","-",283
"baby first feeding set",,,"-",4,12,-39,1.12,0.86,1.35,58,3000,8,0,1,0,0,0,0,0,0,0,0,"-","-",283
"baby training utensils",,,"-","-",0,"-",,,,70,2000,8,2,1,0,0,0,0,0,0,0,0,"-","-",283
"1 year old utensils",31.3,30,10,294,229,34,1,0.76,1.34,105,779,8,0,1,0,0,0,0,0,0,0,0,"-","-",284
"baby silverware set 12-18 months",34.2,30.8,13,778,260,18,1.16,0.85,1.43,106,334,8,0,1,0,0,0,0,0,0,0,0,"-","-",284
"fork and spoon for toddlers 1-3",30.9,25.9,27,398,334,21,0.76,0.66,1.08,94,839,8,0,1,0,0,0,0,0,0,0,0,"-","-",285
"fruit feeder for babies",,,"-",137,137,-8,,,,41,1000,8,0,1,0,0,0,0,0,0,0,0,"-","-",285
"baby silicone feeding set",18.7,6,50,259,1035,9,0.82,0.52,0.91,195,4000,26,1,1,0,0,0,0,0,0,0,0,"-","-",286
"baby sick essentials kit",56.7,100,2,215,215,14,0.83,0.51,0.93,73,1000,8,0,1,0,0,0,0,0,0,0,0,"-","-",286
"kids travel utensils",,,"-",77,153,-8,0.58,0.55,0.77,75,2000,8,1,1,0,0,0,0,0,0,0,0,"-","-",287
"spoons bpa free",,,"-","-",0,"-",,,,44,8000,8,1,1,0,0,0,0,0,0,0,0,"-","-",287
"toddler utensils",29.1,28.4,669,1559,7797,23,0.77,0.53,1.06,263,5000,42,27,1,0,0,0,0,0,0,0,0,"-","-",288
"silicone utensils spoon",,,"-","-",0,"-",,,,65,7000,8,0,1,0,0,0,0,0,0,0,0,"-","-",288
"baby costume 6 9 months",,,"-","-",0,"-",,,,0,0,8,0,0,0,1,0,0,0,0,0,0,261,"-","-"
"adapted spoons special needs",,,"-","-",0,"-",,,,0,0,8,0,0,0,1,0,0,0,0,0,0,260,"-","-"
"costumes babies 18 months",,,"-","-",0,"-",,,,0,0,8,0,0,0,1,0,0,0,0,0,0,258,"-","-"
"baby 9 month",,,"-","-",0,"-",,,,0,0,8,0,0,0,1,0,0,0,0,0,0,256,"-","-"
"non chemical baby",,,"-","-",0,"-",,,,0,0,8,0,0,0,1,0,0,0,0,0,0,255,"-","-"
"cucharas para comer nino",,,"-","-",0,"-",,,,0,0,8,0,0,0,1,0,0,0,0,0,0,254,"-","-"
"硅胶勺子婴儿",,,"-","-",0,"-",,,,0,0,8,0,0,0,1,0,0,0,0,0,0,253,"-","-"
"keep spoon highchair",,,"-","-",0,"-",,,,0,0,8,0,0,0,1,0,0,0,0,0,0,250,"-","-"
"juego de alimentacion para bebe",,,"-","-",0,"-",,,,0,0,8,0,0,0,1,0,0,0,0,0,0,249,"-","-"
"my first eating set",,,"-","-",0,"-",,,,0,0,8,0,0,0,1,0,0,0,0,0,0,248,"-","-"
"babybjorn small bib",,,"-","-",0,"-",,,,0,0,8,0,0,0,1,0,0,0,0,0,0,247,"-","-"
"baby tous 6 12 months",,,"-","-",0,"-",,,,0,0,8,0,0,0,1,0,0,0,0,0,0,245,"-","-"
"newyork baby",,,"-","-",0,"-",,,,0,0,8,0,0,0,1,0,0,0,0,0,0,238,"-","-"
"cucharas num",,,"-","-",0,"-",,,,0,0,8,0,0,0,1,0,0,0,0,0,0,237,"-","-"
"adaptive spoons children",,,"-","-",0,"-",,,,0,0,8,0,0,0,1,0,0,0,0,0,0,235,"-","-"
"itzy ritzy sweetie spoons",,,"-","-",0,"-",,,,0,0,8,0,0,0,1,0,0,0,0,0,0,232,"-","-"
"hey value baby spoons",,,"-","-",0,"-",,,,0,0,8,0,0,0,1,0,0,0,0,0,0,230,"-","-"
"baby spoons weesprout",,,"-","-",0,"-",,,,0,0,8,0,0,0,1,0,0,0,0,0,0,226,"-","-"
"chicco baby spoon",,,"-","-",0,"-",,,,0,0,8,0,0,0,1,0,0,0,0,0,0,222,"-","-"
"baby spoon string",,,"-","-",0,"-",,,,0,0,8,0,0,0,1,0,0,0,0,0,0,214,"-","-"
"blw essentials babies",,,"-","-",0,"-",,,,0,0,8,0,0,0,1,0,0,0,0,0,0,212,"-","-"
"glass baby spoon",,,"-","-",0,"-",,,,0,0,8,0,0,0,1,0,0,0,0,0,0,204,"-","-"
"rubber spoon kids",,,"-","-",0,"-",,,,0,0,8,0,0,0,1,0,0,0,0,0,0,203,"-","-"
"cuillere pour bebe",,,"-","-",0,"-",,,,0,0,8,0,0,0,1,0,0,0,0,0,0,194,"-","-"
"set platos para bebe",,,"-","-",0,"-",,,,0,0,8,0,0,0,1,0,0,0,0,0,0,193,"-","-"
"num baby spoon set",,,"-","-",0,"-",,,,0,0,8,0,0,0,1,0,0,0,0,0,0,191,"-","-"
"baby spoon with loop",,,"-","-",0,"-",,,,0,0,8,0,0,0,1,0,0,0,0,0,0,190,"-","-"
"baby spoon 12 month",,,"-","-",0,"-",,,,0,0,8,0,0,0,1,0,0,0,0,0,0,187,"-","-"
"baby spoon with lanyard",,,"-","-",0,"-",,,,0,0,8,0,0,0,1,0,0,0,0,0,0,185,"-","-"
"cucharas de comer para bebes",,,"-","-",0,"-",,,,0,0,8,0,0,0,1,0,0,0,0,0,0,181,"-","-"
"baby spoon go",,,"-","-",0,"-",,,,0,0,8,0,0,0,1,0,0,0,0,0,0,179,"-","-"
"baby spoons 5 months girl",,,"-","-",0,"-",,,,0,0,8,0,0,0,1,0,0,0,0,0,0,169,"-","-"
"baby set eating",,,"-","-",0,"-",,,,0,0,8,0,0,0,1,0,0,0,0,0,0,168,"-","-"
"baby spoon with tether",,,"-","-",0,"-",,,,0,0,8,0,0,0,1,0,0,0,0,0,0,165,"-","-"
"cucharillas para bebes",,,"-","-",0,"-",,,,0,0,8,0,0,0,1,0,0,0,0,0,0,162,"-","-"
"mini silicone baby spoons",,,"-","-",0,"-",,,,0,0,8,0,0,0,1,0,0,0,0,0,0,156,"-","-"
"silicone flexible baby spoons",,,"-","-",0,"-",,,,0,0,8,0,0,0,1,0,0,0,0,0,0,152,"-","-"
"baby feeding essentials travel",,,"-","-",0,"-",,,,0,0,8,0,0,0,1,0,0,0,0,0,0,151,"-","-"
"silicone covered baby spoon",,,"-","-",0,"-",,,,0,0,8,0,0,0,1,0,0,0,0,0,0,150,"-","-"
"baby spoons made usa",,,"-","-",0,"-",,,,0,0,8,0,0,0,1,0,0,0,0,0,0,148,"-","-"
"baby led weaning tool",,,"-","-",0,"-",,,,0,0,8,0,0,0,1,0,0,0,0,0,0,144,"-","-"
"baby spoon set with case",,,"-","-",0,"-",,,,0,0,8,0,0,0,1,0,0,0,0,0,0,139,"-","-"
"case baby spoon",,,"-","-",0,"-",,,,0,0,8,0,0,0,1,0,0,0,0,0,0,136,"-","-"
"spoon feed baby",,,"-","-",0,"-",,,,0,0,8,0,0,0,1,0,0,0,0,0,0,125,"-","-"
"baby orange teether",,,"-","-",0,"-",,,,0,0,8,0,0,0,1,0,0,0,0,0,0,124,"-","-"
"baby spoon heat detector",,,"-","-",0,"-",,,,0,0,8,0,0,0,1,0,0,0,0,0,0,120,"-","-"
"cucharas para bebes 9 meses",,,"-","-",0,"-",,,,0,0,8,0,0,0,1,0,0,0,0,0,0,117,"-","-"
"haaka spoon",,,"-","-",0,"-",,,,0,0,8,0,0,0,1,0,0,0,0,0,0,108,"-","-"
"blw spoons babies",,,"-","-",0,"-",,,,0,0,8,0,0,0,1,0,0,0,0,0,0,107,"-","-"
"paquete para bebe",,,"-","-",0,"-",,,,0,0,8,0,0,0,1,0,0,0,0,0,0,100,"-","-"
"ceramic baby spoon",,,"-","-",0,"-",,,,0,0,8,0,0,0,1,0,0,0,0,0,0,99,"-","-"
"num baby spoons",,,"-","-",0,"-",,,,0,0,8,0,0,0,1,0,0,0,0,0,0,97,"-","-"
"infant spoons 6 12 months",,,"-","-",0,"-",,,,0,0,8,0,0,0,1,0,0,0,0,0,0,93,"-","-"
"4 month old baby spoon",,,"-","-",0,"-",,,,0,0,8,0,0,0,1,0,0,0,0,0,0,92,"-","-"
"baby utensils 6 12 months",,,"-","-",0,"-",,,,0,0,8,0,0,0,1,0,0,0,0,0,0,88,"-","-"
"baby utensils 12 18 months",,,"-","-",0,"-",,,,0,0,8,0,0,0,1,0,0,0,0,0,0,86,"-","-"
"go baby spoon",,,"-","-",0,"-",,,,0,0,8,0,0,0,1,0,0,0,0,0,0,85,"-","-"
"spoon tether baby",,,"-","-",0,"-",,,,0,0,8,0,0,0,1,0,0,0,0,0,0,78,"-","-"
"starter baby spoons",,,"-","-",0,"-",,,,0,0,8,0,0,0,1,0,0,0,0,0,0,77,"-","-"
"spoon baby 6 months",,,"-","-",0,"-",,,,0,0,8,0,0,0,1,0,0,0,0,0,0,75,"-","-"
"silicone bibs babies",,,"-","-",0,"-",,,,0,0,8,0,0,0,1,0,0,0,0,0,0,74,"-","-"
"baby spoon with hole",,,"-","-",0,"-",,,,0,0,8,0,0,0,1,0,0,0,0,0,0,72,"-","-"
"baby utensils 0 6 months",,,"-","-",0,"-",,,,0,0,8,0,0,0,1,0,0,0,0,0,0,71,"-","-"
"first spoons baby feeding",,,"-","-",0,"-",,,,0,0,8,0,0,0,1,0,0,0,0,0,0,41,"-","-"
"baby feeding essential",,,"-","-",0,"-",,,,0,0,8,0,0,0,1,0,0,0,0,0,0,33,"-","-"
"baby newborn feeding essentials",,,"-","-",0,"-",,,,0,0,8,0,0,0,1,0,0,0,0,0,0,30,"-","-"
"newborn silicone spoon",,,"-","-",0,"-",,,,0,0,8,0,0,0,1,0,0,0,0,0,0,22,"-","-"
"baby spoon 2 pack",,,"-","-",0,"-",,,,0,0,8,0,0,0,1,0,0,0,0,0,0,14,"-","-"
"newborn baby feeding spoon",,,"-","-",0,"-",,,,0,0,8,0,0,0,1,0,0,0,0,0,0,9,"-","-"
"baby",7.4,11.7,1173,307,61381,55,0.59,0.43,0.79,307,200000,111,42,0,0,1,0,0,0,0,0,0,38,"-","-"
"weaning",,,4,69,138,-8,,,,73,2000,8,42,0,1,0,0,0,0,0,0,0,"-",7,"-"
"silicone bibs",46.7,43,491,3358,6715,1,1.02,0.7,1.39,221,2000,40,23,0,0,1,0,0,0,0,0,0,122,"-","-"
"baby must haves",12.6,12.4,97,93,6523,-8,0.58,0.4,0.76,308,70000,32,0,0,0,1,0,0,0,0,0,0,43,"-","-"
"baby registry must haves",13,3.9,26,1570,7848,-23,0.53,0.43,0.83,272,5000,34,0,0,0,1,0,0,0,0,0,0,60,"-","-"
"baby items",8,5.6,250,142,14247,24,0.62,0.35,0.65,416,100000,41,0,0,0,1,0,0,0,0,0,0,21,"-","-"
"baby feeding set travel",,,"-","-",0,"-",,,,0,9000,8,0,0,0,1,0,0,0,0,0,0,155,"-","-"
"nuby",15.8,12.8,39,2489,2489,48,0.64,0.43,0.81,443,1000,43,48,0,1,0,0,0,0,0,0,0,"-",9,"-"
"baby necessities",12.9,6.7,75,653,3918,-3,0.67,0.46,0.92,370,6000,29,0,0,0,1,0,0,0,0,0,0,49,"-","-"
"baby bowls",28,21.1,375,613,6132,-3,0.88,0.63,0.97,287,10000,37,16,0,0,1,0,0,0,0,0,0,95,"-","-"
"best baby spoon",,,"-","-",0,"-",,,,0,6000,8,0,0,0,1,0,0,0,0,0,0,17,"-","-"
"learning spoon",,,"-","-",0,"-",,,,0,763,8,2,0,0,1,0,0,0,0,0,0,176,"-","-"
"eating utensil",,,"-","-",0,"-",,,,0,80000,8,2,0,0,1,0,0,0,0,0,0,52,"-","-"
"baby spoons with case",,,"-","-",0,"-",,,,0,471,8,0,0,0,1,0,0,0,0,0,0,10,"-","-"
"baby spoon and fork set",31.9,27.3,11,97,291,18,0.91,0.65,1.1,127,3000,8,0,0,0,0,0,0,0,1,0,0,"-","-","-"
"feeding spoon case",,,"-","-",0,"-",,,,0,550,8,0,0,0,1,0,0,0,0,0,0,25,"-","-"
"baby spoon bowl",,,"-","-",0,"-",,,,0,1000,8,0,0,0,1,0,0,0,0,0,0,58,"-","-"
"baby spoon container",,,"-",11,57,"-",,,,0,5000,8,0,0,0,1,0,0,0,0,0,0,182,"-","-"
"baby spoon fork set",,,"-","-",0,"-",,,,37,7000,8,0,0,1,0,0,0,0,1,0,0,"-",15,"-"
"baby spoon pouch",,,"-","-",0,"-",,,,0,326,8,0,0,0,1,0,0,0,0,0,0,64,"-","-"
"baby spoon squeeze",,,"-",30,12,-20,,,,0,400,8,1,0,0,1,0,0,0,0,0,0,98,"-","-"
"baby spoon with case",,,"-","-",0,"-",,,,0,229,8,0,0,0,1,0,0,0,0,0,0,129,"-","-"
"ezpz",39.7,14.8,108,5373,2622,17,0.81,0.66,1.02,226,488,37,29,0,0,0,0,0,0,1,0,0,"-","-","-"
"baby food steamer blender",,,"-",114,20,1,,,,0,175,8,0,0,0,1,0,0,0,0,0,0,262,"-","-"
"baby spoon 6 month",,,"-","-",0,"-",,,,42,774,8,0,0,0,1,0,0,0,0,0,0,134,"-","-"
"dinosaur spoon",64.5,66.7,6,489,221,90,0.67,0.54,0.8,69,452,8,0,0,0,0,0,0,0,1,0,0,"-","-","-"
"toddler spoons and forks",28.5,24.1,145,1396,2792,12,0.91,0.64,1.15,238,2000,28,1,0,1,0,0,0,0,0,0,0,"-",13,"-"
"boon baby spoon",,,"-","-",0,"-",,,,0,197,8,0,0,0,1,0,0,0,0,0,0,106,"-","-"
"baby stuff",12.5,7.1,406,188,18817,9,0.69,0.47,0.88,333,100000,47,1,0,0,1,0,0,0,0,0,0,26,"-","-"
"baby eating utensils set",,,"-","-",0,"-",,,,0,2000,8,0,0,0,1,0,0,0,0,0,0,145,"-","-"
"baby travel spoon with case",,,"-",327,55,-16,,,,0,168,8,0,0,0,1,0,0,0,0,0,0,48,"-","-"
"ola baby spoons",,,"-",106,28,43,,,,24,264,8,0,0,1,0,0,0,0,0,0,0,"-",5,"-"
"baby tableware",36.1,,1,25,250,12,0.95,0.65,1.24,138,10000,8,0,0,0,0,0,0,0,1,0,0,"-","-","-"
"organic baby spoons",,,"-",217,61,-4,,,,0,281,8,0,0,0,1,0,0,0,0,0,0,83,"-","-"
"child utensils",,,"-",12,117,20,,,,60,10000,8,0,0,0,1,0,0,0,0,0,0,133,"-","-"
"feeding essentials",,,"-",7,74,-22,1.1,0.76,1.26,48,10000,8,2,0,0,0,0,0,0,1,0,0,"-","-","-"
"duo spoon",,,"-","-",0,"-",,,,0,461,8,4,0,0,1,0,0,0,0,0,0,216,"-","-"
"nordic baby",,,"-",266,73,35,,,,20,274,8,0,0,0,1,0,0,0,0,0,0,242,"-","-"
"forks baby",,,"-","-",0,"-",,,,0,4000,8,0,0,0,1,0,0,0,0,0,0,217,"-","-"
"oxo tot fork and spoon set",74.2,66.7,6,765,218,"-",,,,12,285,8,0,0,1,0,0,0,0,0,0,0,"-",12,"-"
"oxo baby",33.8,33.3,3,359,330,2,0.68,0.46,0.96,158,918,8,0,0,1,0,0,0,0,0,0,0,"-",26,"-"
"baby supplies",14.3,11.4,44,14,1392,2,0.64,0.45,0.78,399,100000,26,0,0,0,1,0,0,0,0,0,0,4,"-","-"
"silicone toddler",,,1,14,138,424,,,,24,10000,8,4,0,0,1,0,0,0,0,0,0,15,"-","-"
"baby travel spoon",,,"-",95,95,91,,,,0,1000,8,0,0,0,1,0,0,0,0,0,0,158,"-","-"
"baby food dispenser spoon",,,"-","-",0,"-",,,,0,136,8,0,0,0,1,0,0,0,0,0,0,225,"-","-"
"baby food essentials",16.9,25,20,64,640,-4,0.84,0.61,1.24,151,10000,10,0,0,0,1,0,0,0,0,0,0,96,"-","-"
"grill pacifier for baby",,,"-",64,128,46,,,,19,2000,8,0,0,1,0,0,0,0,0,0,0,"-",12,"-"
"baby food dishes",,,"-",13,133,-15,,,,33,10000,8,0,0,0,1,0,0,0,0,0,0,174,"-","-"
"toddler fork spoon",,,"-","-",0,"-",,,,66,2000,8,0,0,0,1,0,0,0,0,0,0,141,"-","-"
"milk bottle toddler",,,7,69,137,30,,,,45,2000,8,0,0,0,1,0,0,0,0,0,0,257,"-","-"
"boon",29.7,,15,6483,3125,-7,0.65,0.5,0.96,296,482,43,46,0,1,0,0,0,0,0,0,0,"-",3,"-"
"richell spoon",,,"-","-",0,"-",,,,0,65,8,0,0,0,1,0,0,0,0,0,0,229,"-","-"
"richell spoon baby",,,"-","-",0,"-",,,,0,208,8,0,0,0,1,0,0,0,0,0,0,223,"-","-"
"little spoon",36.7,37.3,59,15,1388,-6,0.59,0.44,0.66,259,90000,26,0,0,1,0,0,0,0,0,0,0,"-",18,"-"
"platos para bebes",16.2,10,40,5419,2341,-5,0.81,0.57,1.06,341,432,27,0,0,0,1,0,0,0,0,0,0,87,"-","-"
"beaba spoon baby",,,"-","-",0,"-",,,,0,36,8,0,0,0,1,0,0,0,0,0,0,227,"-","-"
"coated baby spoons",,,"-",67,23,4,,,,0,344,8,0,0,0,1,0,0,0,0,0,0,177,"-","-"
"baby girl newborn essentials",13.3,10.8,1208,2929,29291,-19,0.64,0.42,0.92,371,10000,59,0,0,0,1,0,0,0,0,0,0,44,"-","-"
"cubiertos para bebe",,,"-","-",0,"-",,,,0,260,8,0,0,0,1,0,0,0,0,0,0,195,"-","-"
"eco friendly baby items",,,"-","-",0,"-",,,,0,40000,8,0,0,0,1,0,0,0,0,0,0,173,"-","-"
"1 year old feeding",,,"-",22,10,-2,,,,0,460,8,0,0,0,1,0,0,0,0,0,0,199,"-","-"
"babies day out",,,"-",109,104,-18,0.59,0.51,0.89,16,957,8,0,0,0,0,0,0,0,1,0,0,"-","-","-"
"kid spoons",30.5,23.9,46,61,488,-3,0.83,0.68,1.09,129,8000,9,0,0,0,0,0,0,0,1,0,0,"-","-","-"
"autism spoon",,,1,784,145,6,0.8,0.51,0.96,88,185,8,0,0,0,0,0,0,0,1,0,0,"-","-","-"
"plato silicona bebe",,,"-","-",0,"-",,,,0,1000,8,0,0,0,1,0,0,0,0,0,0,160,"-","-"
"baby meal set",44,33.3,3,25,176,33,,,,84,7000,8,0,0,0,1,0,0,0,0,0,0,236,"-","-"
"temperature spoons baby",,,"-",32,32,-3,,,,0,1000,8,0,0,0,1,0,0,0,0,0,0,105,"-","-"
"japanese baby",,,"-",73,51,-41,,,,0,697,8,0,0,0,1,0,0,0,0,0,0,241,"-","-"
"baby travel snack container",,,"-",46,92,-22,,,,43,2000,8,0,0,0,1,0,0,0,0,0,0,259,"-","-"
"dr browns sippy",32.7,25,12,1021,296,16,0.55,0.41,0.69,99,290,8,0,0,1,0,0,0,0,0,0,0,"-",16,"-"
"customize baby stuff",25.7,,"-",27,244,12,0.88,0.64,1.09,140,9000,8,0,0,0,1,0,0,0,0,0,0,198,"-","-"
"travel baby food spoon",,,"-","-",0,"-",,,,0,506,8,0,0,0,1,0,0,0,0,0,0,219,"-","-"
"nutri bullet baby",75.7,85.7,7,803,368,3,0.68,0.52,0.85,82,458,8,0,0,0,1,0,0,0,0,0,0,243,"-","-"
"baby solid feeding",,,"-",15,145,31,0.76,0.59,0.94,45,10000,8,0,0,0,0,0,0,0,1,0,0,"-","-","-"
"baby essential",20.9,,1,4,359,4,0.77,0.5,1,173,80000,8,1,0,0,1,0,0,0,0,0,0,40,"-","-"
"baby teaspoon",,,"-","-",0,"-",,,,0,6000,8,0,0,0,1,0,0,0,0,0,0,209,"-","-"
"silicone forks",32.4,16.7,6,84,252,27,,,,107,3000,8,1,0,1,0,0,0,0,0,0,0,"-",18,"-"
"gold baby spoon",,,"-","-",0,"-",,,,0,3000,8,0,0,0,1,0,0,0,0,0,0,202,"-","-"
"rubber spoons for eating",48.1,63.6,11,739,303,134,,,,71,410,8,0,0,1,0,0,0,0,0,0,0,"-",11,"-"
"silicone baby spoon with case",,,"-","-",0,"-",,,,0,636,8,0,0,0,1,0,0,0,0,0,0,127,"-","-"
"baby hair essentials",,,"-",11,51,-28,,,,0,4587,8,0,0,0,1,0,0,0,0,0,0,239,"-","-"
"baby cracker",51.9,33.3,12,557,194,-19,,,,55,348,8,0,0,0,1,0,0,0,0,0,0,240,"-","-"
"mushie",14.8,8.1,345,21334,8491,20,0.53,0.51,0.86,377,398,49,47,0,0,1,0,0,0,0,0,0,118,"-","-"
"baby girl feeding spoons",,,"-","-",0,"-",,,,0,0,8,0,0,0,1,0,0,0,0,0,0,16,"-","-"
"mad hungry utensils",36.4,19.1,21,5664,640,47,0.8,0.6,0.93,104,113,10,0,0,1,0,0,0,0,0,0,0,"-",19,"-"
"porcelain baby spoon",,,"-",31,31,45,,,,0,1000,8,0,0,0,1,0,0,0,0,0,0,213,"-","-"
"cuchara silicona bebe",,,"-","-",0,"-",,,,0,0,8,0,0,0,1,0,0,0,0,0,0,161,"-","-"
"soft tip baby spoons",,,"-","-",0,"-",,,,0,412,8,0,0,0,1,0,0,0,0,0,0,178,"-","-"
"3 month old necessities",,,"-","-",0,"-",,,,0,0,8,0,0,0,1,0,0,0,0,0,0,205,"-","-"
"baby travel essential",15.1,3.2,279,264,5271,-14,0.64,0.46,0.95,260,20000,31,0,0,0,1,0,0,0,0,0,0,79,"-","-"
"blw supplies for baby",23.5,16.7,24,540,540,-11,0.84,0.57,1.08,139,1000,9,1,0,1,0,0,0,0,0,0,0,"-",1,"-"
"bbet baby food spoon",,,"-",290,63,-33,1.28,0.9,1.34,0,217,8,0,0,0,1,0,0,0,0,0,0,231,"-","-"
"baby bowls 6-12 months",41.2,25,8,240,240,-10,0.87,0.71,1.08,100,1000,8,0,0,1,0,0,0,0,0,0,0,"-",8,"-"
"travel baby spoon with case",,,"-",368,117,31,,,,0,318,8,0,0,0,1,0,0,0,0,0,0,159,"-","-"
"baby food scraper puree spoon",,,"-",738,104,-26,1.1,0.92,1.53,31,141,8,0,0,1,1,0,0,0,0,0,0,119,2,"-"
"primastella",,,"-",1926,104,77,1.06,0.85,1.27,8,54,8,38,0,0,0,0,0,0,1,0,0,"-","-","-"
"soft silicone spoons baby",,,"-",102,102,-25,,,,0,1000,8,0,0,0,1,0,0,0,0,0,0,147,"-","-"
"baby spoon squeeze feeder bottle",,,"-",253,48,21,,,,37,190,8,0,0,1,0,0,0,0,0,0,0,"-",10,"-"
"alimentación complementaria bebe",26.5,8.3,12,973,973,-7,0.75,0.62,1.03,298,1000,12,0,0,0,1,0,0,0,0,0,0,115,"-","-"
"two sided spoon baby",,,"-",528,163,-10,,,,0,309,8,0,0,0,1,0,0,0,0,0,0,50,"-","-"
"baby doll food magic spoon",60,100,2,861,285,58,,,,47,331,8,0,0,1,0,0,0,0,0,0,0,"-",2,"-"
"solid starts for babies",68.2,85.7,7,1275,278,14,0.83,0.65,1.02,150,218,8,1,0,1,0,0,0,0,0,0,0,"-",4,"-"
"silver bowl and spoon set for baby",,,"-",318,116,-35,0.68,0.63,0.73,62,365,8,0,0,1,0,0,0,0,0,0,0,"-",6,"-"
"portable baby utensils with case",,,"-","-",0,"-",,,,0,0,8,0,0,0,1,0,0,0,0,0,0,149,"-","-"
"baby first solids essentials",,,"-","-",0,"-",,,,0,0,8,0,0,0,1,0,0,0,0,0,0,186,"-","-"
"silicone kids spoons",,,"-","-",0,"-",,,,0,0,8,0,0,0,1,0,0,0,0,0,0,137,"-","-"
"toddler mealtime accessories",,,"-","-",0,"-",,,,0,0,8,0,0,0,1,0,0,0,0,0,0,180,"-","-"
"baby spoons 10 months",,,"-","-",0,"-",,,,0,0,8,0,0,0,1,0,0,0,0,0,0,76,"-","-"
"silicone baby spoons 4 months",,,"-","-",0,"-",,,,0,0,8,0,0,0,1,0,0,0,0,0,0,172,"-","-"
"baby essentials deals",13.1,14,43,13,1036,-88,0.78,0.48,1.1,394,80000,25,0,0,0,1,0,0,0,0,0,0,12,"-","-"
"little spoon baby cereal",52.5,50,4,561,319,13,0.92,0.79,1.09,61,569,8,0,0,1,1,0,0,0,0,0,0,215,8,"-"
"silicone toddler spoons",,,"-","-",0,"-",,,,0,0,8,0,0,0,1,0,0,0,0,0,0,128,"-","-"
"pre cucharas para bebe",,,"-","-",0,"-",,,,0,0,8,0,0,0,1,0,0,0,0,0,0,167,"-","-"
"gootensil spoon",52.6,45.8,24,2268,347,10,0.83,0.72,0.94,98,153,8,0,0,1,0,0,0,0,0,0,0,"-",19,"-"
"6 month food essentials",,,"-","-",0,"-",,,,0,0,8,0,0,0,1,0,0,0,0,0,0,175,"-","-"
"baby spoon 1 year old",,,"-","-",0,"-",,,,0,0,8,0,0,0,1,0,0,0,0,0,0,94,"-","-"
"baby spoon temperature changing",,,"-","-",0,"-",,,,0,0,8,0,0,0,1,0,0,0,0,0,0,104,"-","-"
"estuche para cucharas de bebe",,,"-","-",0,"-",,,,0,0,8,0,0,0,1,0,0,0,0,0,0,163,"-","-"
"cucharas para bebes 4 meses",,,"-","-",0,"-",,,,0,0,8,0,0,0,1,0,0,0,0,0,0,251,"-","-"
"kids silicone kitchen utensils",,,"-","-",0,"-",,,,0,0,8,0,0,0,1,0,0,0,0,0,0,146,"-","-"
"baby spoon with strap",,,"-","-",0,"-",,,,0,0,8,0,0,0,1,0,0,0,0,0,0,170,"-","-"
"silicone spoon case",,,"-","-",0,"-",,,,0,0,8,0,0,0,1,0,0,0,0,0,0,130,"-","-"
"silicone spoon baby feeding",,,"-","-",0,"-",,,,0,0,8,0,0,0,1,0,0,0,0,0,0,3,"-","-"
"baby spoon 9 months",,,"-","-",0,"-",,,,0,0,8,0,0,0,1,0,0,0,0,0,0,188,"-","-"
"silicone baby spoons 4+ months",,,"-","-",0,"-",,,,0,0,8,0,0,0,1,0,0,0,0,0,0,57,"-","-"
"tiny baby spoon",,,"-","-",0,"-",,,,0,0,8,0,0,0,1,0,0,0,0,0,0,157,"-","-"
"beginner baby spoons",,,"-","-",0,"-",,,,0,0,8,0,0,0,1,0,0,0,0,0,0,68,"-","-"
"baby food spoons 6 months",,,"-","-",0,"-",,,,0,0,8,0,0,0,1,0,0,0,0,0,0,101,"-","-"
"baby spoon 1 year",,,"-","-",0,"-",,,,0,0,8,0,0,0,1,0,0,0,0,0,0,207,"-","-"
"omnilove",,,"-","-",0,"-",,,,0,0,8,0,0,0,1,0,0,0,0,0,0,7,"-","-"
"platos para bebes 6 meses",,,"-","-",0,"-",,,,0,0,8,0,0,0,1,0,0,0,0,0,0,171,"-","-"
"work from home baby essentials",,,"-","-",0,"-",,,,0,0,8,0,0,0,1,0,0,0,0,0,0,164,"-","-"
"baby silicone spoon set",,,"-","-",0,"-",,,,0,0,8,0,0,0,1,0,0,0,0,0,0,27,"-","-"
"bany spoon",,,"-","-",0,"-",,,,0,0,8,0,0,0,1,0,0,0,0,0,0,111,"-","-"
"zwieback baby teething biscuits",,,"-","-",0,"-",,,,0,0,8,0,0,0,1,0,0,0,0,0,0,246,"-","-"